uuid	thumbnail	original_url	iiif_endpoint_url	edition	sheet_id	sub_sheet_id	sub_sub_sheet_id	sheet_title	year	image_name	manual_sheet_id	manual_sub_sheet_id
176c8204-db35-4d88-a0f4-031f223f8484	https://dlc.services/iiif-img/7/32/176c8204-db35-4d88-a0f4-031f223f8484/full/512,/0/default.jpg	https://webdata.tudelft.nl/staff-umbrella/digitalcollections/library/kaartenkamer/waterstaatskaart/1e/eerste-editie/01-Ameland.jpg	https://dlc.services/iiif-img/7/32/176c8204-db35-4d88-a0f4-031f223f8484	1	1	-1	-1	Ameland	-1	01-Ameland	1	4
4c21f04d-5f12-46af-81f6-0430af9cd8c6	https://dlc.services/iiif-img/7/32/4c21f04d-5f12-46af-81f6-0430af9cd8c6/full/512,/0/default.jpg	https://webdata.tudelft.nl/staff-umbrella/digitalcollections/library/kaartenkamer/waterstaatskaart/1e/eerste-editie/01-Terschelling.jpg	https://dlc.services/iiif-img/7/32/4c21f04d-5f12-46af-81f6-0430af9cd8c6	1	1	-1	-1	Terschelling	-1	01-Terschelling	1	3
5686c530-34e8-4d3e-86f8-914f83f26f07	https://dlc.services/iiif-img/7/32/5686c530-34e8-4d3e-86f8-914f83f26f07/full/512,/0/default.jpg	https://webdata.tudelft.nl/staff-umbrella/digitalcollections/library/kaartenkamer/waterstaatskaart/1e/eerste-editie/02-Schiermonnikoog-1.jpg	https://dlc.services/iiif-img/7/32/5686c530-34e8-4d3e-86f8-914f83f26f07	1	2	1	-1	Schiermonnikoog	-1	02-Schiermonnikoog-1	2	3
b88e1142-3a7a-4ab8-a499-327582696879	https://dlc.services/iiif-img/7/32/b88e1142-3a7a-4ab8-a499-327582696879/full/512,/0/default.jpg	https://webdata.tudelft.nl/staff-umbrella/digitalcollections/library/kaartenkamer/waterstaatskaart/1e/eerste-editie/02-Schiermonnikoog-2.jpg	https://dlc.services/iiif-img/7/32/b88e1142-3a7a-4ab8-a499-327582696879	1	2	2	-1	Schiermonnikoog	-1	02-Schiermonnikoog-2	2	4
49e38991-6ec7-45a3-958f-4339ebc5c74f	https://dlc.services/iiif-img/7/32/49e38991-6ec7-45a3-958f-4339ebc5c74f/full/512,/0/default.jpg	https://webdata.tudelft.nl/staff-umbrella/digitalcollections/library/kaartenkamer/waterstaatskaart/1e/eerste-editie/03-Uithuizen-1.jpg	https://dlc.services/iiif-img/7/32/49e38991-6ec7-45a3-958f-4339ebc5c74f	1	3	1	-1	Uithuizen	-1	03-Uithuizen-1	3	1
14cc9f96-b3de-4aeb-af40-a520440effff	https://dlc.services/iiif-img/7/32/14cc9f96-b3de-4aeb-af40-a520440effff/full/512,/0/default.jpg	https://webdata.tudelft.nl/staff-umbrella/digitalcollections/library/kaartenkamer/waterstaatskaart/1e/eerste-editie/03-Uithuizen-2.jpg	https://dlc.services/iiif-img/7/32/14cc9f96-b3de-4aeb-af40-a520440effff	1	3	2	-1	Uithuizen	-1	03-Uithuizen-2	3	3
12b178a4-9af5-4603-b75b-ff7d568465ad	https://dlc.services/iiif-img/7/32/12b178a4-9af5-4603-b75b-ff7d568465ad/full/512,/0/default.jpg	https://webdata.tudelft.nl/staff-umbrella/digitalcollections/library/kaartenkamer/waterstaatskaart/1e/eerste-editie/03-Uithuizen-3.jpg	https://dlc.services/iiif-img/7/32/12b178a4-9af5-4603-b75b-ff7d568465ad	1	3	3	-1	Uithuizen	-1	03-Uithuizen-3	3	4
b6d94139-7518-46c9-b819-9623b016b6cb	https://dlc.services/iiif-img/7/32/b6d94139-7518-46c9-b819-9623b016b6cb/full/512,/0/default.jpg	https://webdata.tudelft.nl/staff-umbrella/digitalcollections/library/kaartenkamer/waterstaatskaart/1e/eerste-editie/04-Vlieland-1.jpg	https://dlc.services/iiif-img/7/32/b6d94139-7518-46c9-b819-9623b016b6cb	1	4	1	-1	Vlieland	-1	04-Vlieland-1	4	2
8a44d85e-76e3-466f-ba45-c4cdd5cf6215	https://dlc.services/iiif-img/7/32/8a44d85e-76e3-466f-ba45-c4cdd5cf6215/full/512,/0/default.jpg	https://webdata.tudelft.nl/staff-umbrella/digitalcollections/library/kaartenkamer/waterstaatskaart/1e/eerste-editie/04-Vlieland-2.jpg	https://dlc.services/iiif-img/7/32/8a44d85e-76e3-466f-ba45-c4cdd5cf6215	1	4	2	-1	Vlieland	-1	04-Vlieland-2	4	4
7a66ee5b-e88f-48bf-90e8-59d2436a1d31	https://dlc.services/iiif-img/7/32/7a66ee5b-e88f-48bf-90e8-59d2436a1d31/full/512,/0/default.jpg	https://webdata.tudelft.nl/staff-umbrella/digitalcollections/library/kaartenkamer/waterstaatskaart/1e/eerste-editie/05-Harlingen-1.jpg	https://dlc.services/iiif-img/7/32/7a66ee5b-e88f-48bf-90e8-59d2436a1d31	1	5	1	-1	Harlingen	-1	05-Harlingen-1	5	2
3f8619cb-b305-4a77-9cb5-2cdebf55c4ff	https://dlc.services/iiif-img/7/32/3f8619cb-b305-4a77-9cb5-2cdebf55c4ff/full/512,/0/default.jpg	https://webdata.tudelft.nl/staff-umbrella/digitalcollections/library/kaartenkamer/waterstaatskaart/1e/eerste-editie/05-Harlingen-2.jpg	https://dlc.services/iiif-img/7/32/3f8619cb-b305-4a77-9cb5-2cdebf55c4ff	1	5	2	-1	Harlingen	-1	05-Harlingen-2	5	3
2d34d461-3319-42e2-8a51-9fb46906ba18	https://dlc.services/iiif-img/7/32/2d34d461-3319-42e2-8a51-9fb46906ba18/full/512,/0/default.jpg	https://webdata.tudelft.nl/staff-umbrella/digitalcollections/library/kaartenkamer/waterstaatskaart/1e/eerste-editie/05-Harlingen-3.jpg	https://dlc.services/iiif-img/7/32/2d34d461-3319-42e2-8a51-9fb46906ba18	1	5	3	-1	Harlingen	-1	05-Harlingen-3	5	4
393464e2-8d28-4630-bc65-83ced4209eeb	https://dlc.services/iiif-img/7/32/393464e2-8d28-4630-bc65-83ced4209eeb/full/512,/0/default.jpg	https://webdata.tudelft.nl/staff-umbrella/digitalcollections/library/kaartenkamer/waterstaatskaart/1e/eerste-editie/06-Leeuwarden-1.jpg	https://dlc.services/iiif-img/7/32/393464e2-8d28-4630-bc65-83ced4209eeb	1	6	1	-1	Leeuwarden	-1	06-Leeuwarden-1	6	1
997c00bd-a1ab-456b-8d8e-a5f7a89c2384	https://dlc.services/iiif-img/7/32/997c00bd-a1ab-456b-8d8e-a5f7a89c2384/full/512,/0/default.jpg	https://webdata.tudelft.nl/staff-umbrella/digitalcollections/library/kaartenkamer/waterstaatskaart/1e/eerste-editie/06-Leeuwarden-2.jpg	https://dlc.services/iiif-img/7/32/997c00bd-a1ab-456b-8d8e-a5f7a89c2384	1	6	2	-1	Leeuwarden	-1	06-Leeuwarden-2	6	2
45b592a6-c18a-4815-bd50-9ad4d738c31a	https://dlc.services/iiif-img/7/32/45b592a6-c18a-4815-bd50-9ad4d738c31a/full/512,/0/default.jpg	https://webdata.tudelft.nl/staff-umbrella/digitalcollections/library/kaartenkamer/waterstaatskaart/1e/eerste-editie/06-Leeuwarden-3.jpg	https://dlc.services/iiif-img/7/32/45b592a6-c18a-4815-bd50-9ad4d738c31a	1	6	3	-1	Leeuwarden	-1	06-Leeuwarden-3	6	3
e30f9472-fd06-4bd6-ac6d-aaa12e267542	https://dlc.services/iiif-img/7/32/e30f9472-fd06-4bd6-ac6d-aaa12e267542/full/512,/0/default.jpg	https://webdata.tudelft.nl/staff-umbrella/digitalcollections/library/kaartenkamer/waterstaatskaart/1e/eerste-editie/06-Leeuwarden-4.jpg	https://dlc.services/iiif-img/7/32/e30f9472-fd06-4bd6-ac6d-aaa12e267542	1	6	4	-1	Leeuwarden	-1	06-Leeuwarden-4	6	4
fa5c0b9f-8944-4580-abe5-67e775ac01e0	https://dlc.services/iiif-img/7/32/fa5c0b9f-8944-4580-abe5-67e775ac01e0/full/512,/0/default.jpg	https://webdata.tudelft.nl/staff-umbrella/digitalcollections/library/kaartenkamer/waterstaatskaart/1e/eerste-editie/07-Groningen-1.jpg	https://dlc.services/iiif-img/7/32/fa5c0b9f-8944-4580-abe5-67e775ac01e0	1	7	1	-1	Groningen	-1	07-Groningen-1	7	1
d01dcb38-ed68-4628-bc00-aaa2210a89e4	https://dlc.services/iiif-img/7/32/d01dcb38-ed68-4628-bc00-aaa2210a89e4/full/512,/0/default.jpg	https://webdata.tudelft.nl/staff-umbrella/digitalcollections/library/kaartenkamer/waterstaatskaart/1e/eerste-editie/07-Groningen-2.jpg	https://dlc.services/iiif-img/7/32/d01dcb38-ed68-4628-bc00-aaa2210a89e4	1	7	2	-1	Groningen	-1	07-Groningen-2	7	2
9f578af2-431a-4042-9da8-8d752c9bb5c9	https://dlc.services/iiif-img/7/32/9f578af2-431a-4042-9da8-8d752c9bb5c9/full/512,/0/default.jpg	https://webdata.tudelft.nl/staff-umbrella/digitalcollections/library/kaartenkamer/waterstaatskaart/1e/eerste-editie/07-Groningen-3.jpg	https://dlc.services/iiif-img/7/32/9f578af2-431a-4042-9da8-8d752c9bb5c9	1	7	3	-1	Groningen	-1	07-Groningen-3	7	3
43d0103d-b82f-45a5-b02f-fbe9e5ce51fa	https://dlc.services/iiif-img/7/32/43d0103d-b82f-45a5-b02f-fbe9e5ce51fa/full/512,/0/default.jpg	https://webdata.tudelft.nl/staff-umbrella/digitalcollections/library/kaartenkamer/waterstaatskaart/1e/eerste-editie/07-Groningen-4.jpg	https://dlc.services/iiif-img/7/32/43d0103d-b82f-45a5-b02f-fbe9e5ce51fa	1	7	4	-1	Groningen	-1	07-Groningen-4	7	4
11cf7263-c3bf-4d65-bb67-55346ead2328	https://dlc.services/iiif-img/7/32/11cf7263-c3bf-4d65-bb67-55346ead2328/full/512,/0/default.jpg	https://webdata.tudelft.nl/staff-umbrella/digitalcollections/library/kaartenkamer/waterstaatskaart/1e/eerste-editie/08-Nieuweschans-1.jpg	https://dlc.services/iiif-img/7/32/11cf7263-c3bf-4d65-bb67-55346ead2328	1	8	1	-1	Nieuweschans	-1	08-Nieuweschans-1	8	1
0e958598-b65e-43b0-ba6b-9e50da68934c	https://dlc.services/iiif-img/7/32/0e958598-b65e-43b0-ba6b-9e50da68934c/full/512,/0/default.jpg	https://webdata.tudelft.nl/staff-umbrella/digitalcollections/library/kaartenkamer/waterstaatskaart/1e/eerste-editie/08-Nieuweschans-2.jpg	https://dlc.services/iiif-img/7/32/0e958598-b65e-43b0-ba6b-9e50da68934c	1	8	2	-1	Nieuweschans	-1	08-Nieuweschans-2	8	3
a3eac77d-61cf-4f2c-bfd9-b4667ac02bb7	https://dlc.services/iiif-img/7/32/a3eac77d-61cf-4f2c-bfd9-b4667ac02bb7/full/512,/0/default.jpg	https://webdata.tudelft.nl/staff-umbrella/digitalcollections/library/kaartenkamer/waterstaatskaart/1e/eerste-editie/09-Helder-1.jpg	https://dlc.services/iiif-img/7/32/a3eac77d-61cf-4f2c-bfd9-b4667ac02bb7	1	9	1	-1	Helder	-1	09-Helder-1	9	1
bcc82e21-e28b-4a04-bceb-f9b579f7f447	https://dlc.services/iiif-img/7/32/bcc82e21-e28b-4a04-bceb-f9b579f7f447/full/512,/0/default.jpg	https://webdata.tudelft.nl/staff-umbrella/digitalcollections/library/kaartenkamer/waterstaatskaart/1e/eerste-editie/09-Helder-2.jpg	https://dlc.services/iiif-img/7/32/bcc82e21-e28b-4a04-bceb-f9b579f7f447	1	9	2	-1	Helder	-1	09-Helder-2	9	3
79e7473d-52e4-4609-800d-7ebc99199384	https://dlc.services/iiif-img/7/32/79e7473d-52e4-4609-800d-7ebc99199384/full/512,/0/default.jpg	https://webdata.tudelft.nl/staff-umbrella/digitalcollections/library/kaartenkamer/waterstaatskaart/1e/eerste-editie/10-Sneek-1.jpg	https://dlc.services/iiif-img/7/32/79e7473d-52e4-4609-800d-7ebc99199384	1	10	1	-1	Sneek	-1	10-Sneek-1	10	1
fbdcd1b0-072e-410b-adaa-b7bbc1c3f9f8	https://dlc.services/iiif-img/7/32/fbdcd1b0-072e-410b-adaa-b7bbc1c3f9f8/full/512,/0/default.jpg	https://webdata.tudelft.nl/staff-umbrella/digitalcollections/library/kaartenkamer/waterstaatskaart/1e/eerste-editie/10-Sneek-2.jpg	https://dlc.services/iiif-img/7/32/fbdcd1b0-072e-410b-adaa-b7bbc1c3f9f8	1	10	2	-1	Sneek	-1	10-Sneek-2	10	2
ebf897f3-d476-4996-867c-c94d3f4c3d51	https://dlc.services/iiif-img/7/32/ebf897f3-d476-4996-867c-c94d3f4c3d51/full/512,/0/default.jpg	https://webdata.tudelft.nl/staff-umbrella/digitalcollections/library/kaartenkamer/waterstaatskaart/1e/eerste-editie/10-Sneek-3.jpg	https://dlc.services/iiif-img/7/32/ebf897f3-d476-4996-867c-c94d3f4c3d51	1	10	3	-1	Sneek	-1	10-Sneek-3	10	3
7fda3807-cd20-4d86-9cc1-613cedc86ab9	https://dlc.services/iiif-img/7/32/7fda3807-cd20-4d86-9cc1-613cedc86ab9/full/512,/0/default.jpg	https://webdata.tudelft.nl/staff-umbrella/digitalcollections/library/kaartenkamer/waterstaatskaart/1e/eerste-editie/10-Sneek-4.jpg	https://dlc.services/iiif-img/7/32/7fda3807-cd20-4d86-9cc1-613cedc86ab9	1	10	4	-1	Sneek	-1	10-Sneek-4	10	4
444806cf-4c01-4a1b-a1e5-65cb2d28ab31	https://dlc.services/iiif-img/7/32/444806cf-4c01-4a1b-a1e5-65cb2d28ab31/full/512,/0/default.jpg	https://webdata.tudelft.nl/staff-umbrella/digitalcollections/library/kaartenkamer/waterstaatskaart/1e/eerste-editie/11-Heerenveen-1.jpg	https://dlc.services/iiif-img/7/32/444806cf-4c01-4a1b-a1e5-65cb2d28ab31	1	11	1	-1	Heerenveen	-1	11-Heerenveen-1	11	1
6d49e35e-aa1c-4d1f-8787-54b3682e5b05	https://dlc.services/iiif-img/7/32/6d49e35e-aa1c-4d1f-8787-54b3682e5b05/full/512,/0/default.jpg	https://webdata.tudelft.nl/staff-umbrella/digitalcollections/library/kaartenkamer/waterstaatskaart/1e/eerste-editie/11-Heerenveen-2.jpg	https://dlc.services/iiif-img/7/32/6d49e35e-aa1c-4d1f-8787-54b3682e5b05	1	11	2	-1	Heerenveen	-1	11-Heerenveen-2	11	2
d56dd0e7-7720-4469-8b62-3e8326a76d3b	https://dlc.services/iiif-img/7/32/d56dd0e7-7720-4469-8b62-3e8326a76d3b/full/512,/0/default.jpg	https://webdata.tudelft.nl/staff-umbrella/digitalcollections/library/kaartenkamer/waterstaatskaart/1e/eerste-editie/11-Heerenveen-3.jpg	https://dlc.services/iiif-img/7/32/d56dd0e7-7720-4469-8b62-3e8326a76d3b	1	11	3	-1	Heerenveen	-1	11-Heerenveen-3	11	3
da608f9b-80b8-41ec-8dd9-03ffc4c42298	https://dlc.services/iiif-img/7/32/da608f9b-80b8-41ec-8dd9-03ffc4c42298/full/512,/0/default.jpg	https://webdata.tudelft.nl/staff-umbrella/digitalcollections/library/kaartenkamer/waterstaatskaart/1e/eerste-editie/12-Assen-1.jpg	https://dlc.services/iiif-img/7/32/da608f9b-80b8-41ec-8dd9-03ffc4c42298	1	12	1	-1	Assen	-1	12-Assen-1	12	1
f4d192f2-bf83-429a-901c-6032d2bff6ed	https://dlc.services/iiif-img/7/32/f4d192f2-bf83-429a-901c-6032d2bff6ed/full/512,/0/default.jpg	https://webdata.tudelft.nl/staff-umbrella/digitalcollections/library/kaartenkamer/waterstaatskaart/1e/eerste-editie/12-Assen-2.jpg	https://dlc.services/iiif-img/7/32/f4d192f2-bf83-429a-901c-6032d2bff6ed	1	12	2	-1	Assen	-1	12-Assen-2	12	2
b48c57c7-239d-4e53-8c9f-3e3469fe0a88	https://dlc.services/iiif-img/7/32/b48c57c7-239d-4e53-8c9f-3e3469fe0a88/full/512,/0/default.jpg	https://webdata.tudelft.nl/staff-umbrella/digitalcollections/library/kaartenkamer/waterstaatskaart/1e/eerste-editie/12-Assen-3.jpg	https://dlc.services/iiif-img/7/32/b48c57c7-239d-4e53-8c9f-3e3469fe0a88	1	12	3	-1	Assen	-1	12-Assen-3	12	3
f9efc89d-06da-4ac9-83df-a6c4ba864f71	https://dlc.services/iiif-img/7/32/f9efc89d-06da-4ac9-83df-a6c4ba864f71/full/512,/0/default.jpg	https://webdata.tudelft.nl/staff-umbrella/digitalcollections/library/kaartenkamer/waterstaatskaart/1e/eerste-editie/12-Assen-4.jpg	https://dlc.services/iiif-img/7/32/f9efc89d-06da-4ac9-83df-a6c4ba864f71	1	12	4	-1	Assen	-1	12-Assen-4	12	4
ae8d1031-a01b-4bc8-9d97-cca6e93b7e7f	https://dlc.services/iiif-img/7/32/ae8d1031-a01b-4bc8-9d97-cca6e93b7e7f/full/512,/0/default.jpg	https://webdata.tudelft.nl/staff-umbrella/digitalcollections/library/kaartenkamer/waterstaatskaart/1e/eerste-editie/13-Bourtange-1.jpg	https://dlc.services/iiif-img/7/32/ae8d1031-a01b-4bc8-9d97-cca6e93b7e7f	1	13	1	-1	Bourtange	-1	13-Bourtange-1	13	1
3e0bd6e4-b1fd-45a8-917f-12e9def6ec81	https://dlc.services/iiif-img/7/32/3e0bd6e4-b1fd-45a8-917f-12e9def6ec81/full/512,/0/default.jpg	https://webdata.tudelft.nl/staff-umbrella/digitalcollections/library/kaartenkamer/waterstaatskaart/1e/eerste-editie/13-Bourtange-2.jpg	https://dlc.services/iiif-img/7/32/3e0bd6e4-b1fd-45a8-917f-12e9def6ec81	1	13	2	-1	Bourtange	-1	13-Bourtange-2	13	3
068764d0-fe90-4aed-b8d2-e63b0be4e213	https://dlc.services/iiif-img/7/32/068764d0-fe90-4aed-b8d2-e63b0be4e213/full/512,/0/default.jpg	https://webdata.tudelft.nl/staff-umbrella/digitalcollections/library/kaartenkamer/waterstaatskaart/1e/eerste-editie/14-Medemblik-1-1867.jpg	https://dlc.services/iiif-img/7/32/068764d0-fe90-4aed-b8d2-e63b0be4e213	1	14	1	-1	Medemblik	1867	14-Medemblik-1-1867	14	1
0b1fe645-d580-45e9-967d-0fa729cfcc78	https://dlc.services/iiif-img/7/32/0b1fe645-d580-45e9-967d-0fa729cfcc78/full/512,/0/default.jpg	https://webdata.tudelft.nl/staff-umbrella/digitalcollections/library/kaartenkamer/waterstaatskaart/1e/eerste-editie/14-Medemblik-2.jpg	https://dlc.services/iiif-img/7/32/0b1fe645-d580-45e9-967d-0fa729cfcc78	1	14	2	-1	Medemblik	-1	14-Medemblik-2	14	2
86e16e5c-c468-47a9-874e-627c65671902	https://dlc.services/iiif-img/7/32/86e16e5c-c468-47a9-874e-627c65671902/full/512,/0/default.jpg	https://webdata.tudelft.nl/staff-umbrella/digitalcollections/library/kaartenkamer/waterstaatskaart/1e/eerste-editie/14-Medemblik-3.jpg	https://dlc.services/iiif-img/7/32/86e16e5c-c468-47a9-874e-627c65671902	1	14	3	-1	Medemblik	-1	14-Medemblik-3	14	3
d54e08f9-2e99-4e54-8441-510523fdd974	https://dlc.services/iiif-img/7/32/d54e08f9-2e99-4e54-8441-510523fdd974/full/512,/0/default.jpg	https://webdata.tudelft.nl/staff-umbrella/digitalcollections/library/kaartenkamer/waterstaatskaart/1e/eerste-editie/14-Medemblik-4.jpg	https://dlc.services/iiif-img/7/32/d54e08f9-2e99-4e54-8441-510523fdd974	1	14	4	-1	Medemblik	-1	14-Medemblik-4	14	4
21d0fe2c-7fc2-4b01-8f37-b1ec0b457372	https://dlc.services/iiif-img/7/32/21d0fe2c-7fc2-4b01-8f37-b1ec0b457372/full/512,/0/default.jpg	https://webdata.tudelft.nl/staff-umbrella/digitalcollections/library/kaartenkamer/waterstaatskaart/1e/eerste-editie/15-Stavoren-1.jpg	https://dlc.services/iiif-img/7/32/21d0fe2c-7fc2-4b01-8f37-b1ec0b457372	1	15	1	-1	Stavoren	-1	15-Stavoren-1	15	1
2b333022-3673-4be4-8ddf-40d18f0c1f5c	https://dlc.services/iiif-img/7/32/2b333022-3673-4be4-8ddf-40d18f0c1f5c/full/512,/0/default.jpg	https://webdata.tudelft.nl/staff-umbrella/digitalcollections/library/kaartenkamer/waterstaatskaart/1e/eerste-editie/15-Stavoren-2.jpg	https://dlc.services/iiif-img/7/32/2b333022-3673-4be4-8ddf-40d18f0c1f5c	1	15	2	-1	Stavoren	-1	15-Stavoren-2	15	2
d84c23a8-633c-4f0a-8512-7b1726927ffd	https://dlc.services/iiif-img/7/32/d84c23a8-633c-4f0a-8512-7b1726927ffd/full/512,/0/default.jpg	https://webdata.tudelft.nl/staff-umbrella/digitalcollections/library/kaartenkamer/waterstaatskaart/1e/eerste-editie/15-Stavoren-3.jpg	https://dlc.services/iiif-img/7/32/d84c23a8-633c-4f0a-8512-7b1726927ffd	1	15	3	-1	Stavoren	-1	15-Stavoren-3	15	3
9f4edae7-7965-4903-b106-a40cdbaf239d	https://dlc.services/iiif-img/7/32/9f4edae7-7965-4903-b106-a40cdbaf239d/full/512,/0/default.jpg	https://webdata.tudelft.nl/staff-umbrella/digitalcollections/library/kaartenkamer/waterstaatskaart/1e/eerste-editie/16-Steenwijk-1.jpg	https://dlc.services/iiif-img/7/32/9f4edae7-7965-4903-b106-a40cdbaf239d	1	16	1	-1	Steenwijk	-1	16-Steenwijk-1	16	1
548430d5-4692-46b5-b583-a86670139497	https://dlc.services/iiif-img/7/32/548430d5-4692-46b5-b583-a86670139497/full/512,/0/default.jpg	https://webdata.tudelft.nl/staff-umbrella/digitalcollections/library/kaartenkamer/waterstaatskaart/1e/eerste-editie/16-Steenwijk-2.jpg	https://dlc.services/iiif-img/7/32/548430d5-4692-46b5-b583-a86670139497	1	16	2	-1	Steenwijk	-1	16-Steenwijk-2	16	2
04e0df57-0da1-4a98-8656-2b6178425f4c	https://dlc.services/iiif-img/7/32/04e0df57-0da1-4a98-8656-2b6178425f4c/full/512,/0/default.jpg	https://webdata.tudelft.nl/staff-umbrella/digitalcollections/library/kaartenkamer/waterstaatskaart/1e/eerste-editie/16-Steenwijk-3.jpg	https://dlc.services/iiif-img/7/32/04e0df57-0da1-4a98-8656-2b6178425f4c	1	16	3	-1	Steenwijk	-1	16-Steenwijk-3	16	3
7172e59a-2c83-48d9-9dfb-e4a9667a5a83	https://dlc.services/iiif-img/7/32/7172e59a-2c83-48d9-9dfb-e4a9667a5a83/full/512,/0/default.jpg	https://webdata.tudelft.nl/staff-umbrella/digitalcollections/library/kaartenkamer/waterstaatskaart/1e/eerste-editie/16-Steenwijk-4.jpg	https://dlc.services/iiif-img/7/32/7172e59a-2c83-48d9-9dfb-e4a9667a5a83	1	16	4	-1	Steenwijk	-1	16-Steenwijk-4	16	4
7ff58c36-ec81-47d0-b970-9825115cc937	https://dlc.services/iiif-img/7/32/7ff58c36-ec81-47d0-b970-9825115cc937/full/512,/0/default.jpg	https://webdata.tudelft.nl/staff-umbrella/digitalcollections/library/kaartenkamer/waterstaatskaart/1e/eerste-editie/17-Beilen-1.jpg	https://dlc.services/iiif-img/7/32/7ff58c36-ec81-47d0-b970-9825115cc937	1	17	1	-1	Beilen	-1	17-Beilen-1	17	1
92d8c4ae-112c-4025-8e43-b4a396ffe45f	https://dlc.services/iiif-img/7/32/92d8c4ae-112c-4025-8e43-b4a396ffe45f/full/512,/0/default.jpg	https://webdata.tudelft.nl/staff-umbrella/digitalcollections/library/kaartenkamer/waterstaatskaart/1e/eerste-editie/17-Beilen-2.jpg	https://dlc.services/iiif-img/7/32/92d8c4ae-112c-4025-8e43-b4a396ffe45f	1	17	2	-1	Beilen	-1	17-Beilen-2	17	2
08726023-6d29-40dc-9a7f-a84b5229fa36	https://dlc.services/iiif-img/7/32/08726023-6d29-40dc-9a7f-a84b5229fa36/full/512,/0/default.jpg	https://webdata.tudelft.nl/staff-umbrella/digitalcollections/library/kaartenkamer/waterstaatskaart/1e/eerste-editie/17-Beilen-3.jpg	https://dlc.services/iiif-img/7/32/08726023-6d29-40dc-9a7f-a84b5229fa36	1	17	3	-1	Beilen	-1	17-Beilen-3	17	3
9f669434-8842-416f-bad9-65ca7333e9ce	https://dlc.services/iiif-img/7/32/9f669434-8842-416f-bad9-65ca7333e9ce/full/512,/0/default.jpg	https://webdata.tudelft.nl/staff-umbrella/digitalcollections/library/kaartenkamer/waterstaatskaart/1e/eerste-editie/17-Beilen-4.jpg	https://dlc.services/iiif-img/7/32/9f669434-8842-416f-bad9-65ca7333e9ce	1	17	4	-1	Beilen	-1	17-Beilen-4	17	4
9f8b996b-14a0-4ecf-8865-9de7a10d615b	https://dlc.services/iiif-img/7/32/9f8b996b-14a0-4ecf-8865-9de7a10d615b/full/512,/0/default.jpg	https://webdata.tudelft.nl/staff-umbrella/digitalcollections/library/kaartenkamer/waterstaatskaart/1e/eerste-editie/18-Roswinkel-1.jpg	https://dlc.services/iiif-img/7/32/9f8b996b-14a0-4ecf-8865-9de7a10d615b	1	18	1	-1	Roswinkel	-1	18-Roswinkel-1	18	1
6e80f321-35b4-4eb8-a0d2-06b3229c4839	https://dlc.services/iiif-img/7/32/6e80f321-35b4-4eb8-a0d2-06b3229c4839/full/512,/0/default.jpg	https://webdata.tudelft.nl/staff-umbrella/digitalcollections/library/kaartenkamer/waterstaatskaart/1e/eerste-editie/18-Roswinkel-2.jpg	https://dlc.services/iiif-img/7/32/6e80f321-35b4-4eb8-a0d2-06b3229c4839	1	18	2	-1	Roswinkel	-1	18-Roswinkel-2	18	3
4f4d9104-0b73-452f-9e8f-5c0768b63e4d	https://dlc.services/iiif-img/7/32/4f4d9104-0b73-452f-9e8f-5c0768b63e4d/full/512,/0/default.jpg	https://webdata.tudelft.nl/staff-umbrella/digitalcollections/library/kaartenkamer/waterstaatskaart/1e/eerste-editie/19-Alkmaar-2.jpg	https://dlc.services/iiif-img/7/32/4f4d9104-0b73-452f-9e8f-5c0768b63e4d	1	19	2	-1	Alkmaar	-1	19-Alkmaar-2	19	2
b6437503-0834-4a5d-abdd-2e025a13d1c2	https://dlc.services/iiif-img/7/32/b6437503-0834-4a5d-abdd-2e025a13d1c2/full/512,/0/default.jpg	https://webdata.tudelft.nl/staff-umbrella/digitalcollections/library/kaartenkamer/waterstaatskaart/1e/eerste-editie/19-Alkmaar-3.jpg	https://dlc.services/iiif-img/7/32/b6437503-0834-4a5d-abdd-2e025a13d1c2	1	19	3	-1	Alkmaar	-1	19-Alkmaar-3	19	3
26233bbe-6d25-4311-b0a9-4a3dd32ce192	https://dlc.services/iiif-img/7/32/26233bbe-6d25-4311-b0a9-4a3dd32ce192/full/512,/0/default.jpg	https://webdata.tudelft.nl/staff-umbrella/digitalcollections/library/kaartenkamer/waterstaatskaart/1e/eerste-editie/19-Alkmaar-4.jpg	https://dlc.services/iiif-img/7/32/26233bbe-6d25-4311-b0a9-4a3dd32ce192	1	19	4	-1	Alkmaar	-1	19-Alkmaar-4	19	4
c4f4bd1d-d645-4f11-adfe-6f318b0737c8	https://dlc.services/iiif-img/7/32/c4f4bd1d-d645-4f11-adfe-6f318b0737c8/full/512,/0/default.jpg	https://webdata.tudelft.nl/staff-umbrella/digitalcollections/library/kaartenkamer/waterstaatskaart/1e/eerste-editie/20-Enkhuizen-1.jpg	https://dlc.services/iiif-img/7/32/c4f4bd1d-d645-4f11-adfe-6f318b0737c8	1	20	1	-1	Enkhuizen	-1	20-Enkhuizen-1	20	1
ad832d06-d8d3-43ec-9672-422076146ef0	https://dlc.services/iiif-img/7/32/ad832d06-d8d3-43ec-9672-422076146ef0/full/512,/0/default.jpg	https://webdata.tudelft.nl/staff-umbrella/digitalcollections/library/kaartenkamer/waterstaatskaart/1e/eerste-editie/20-Enkhuizen-2.jpg	https://dlc.services/iiif-img/7/32/ad832d06-d8d3-43ec-9672-422076146ef0	1	20	2	-1	Enkhuizen	-1	20-Enkhuizen-2	20	2
0005e319-384f-4cf4-bcd2-e57cf71aa483	https://dlc.services/iiif-img/7/32/0005e319-384f-4cf4-bcd2-e57cf71aa483/full/512,/0/default.jpg	https://webdata.tudelft.nl/staff-umbrella/digitalcollections/library/kaartenkamer/waterstaatskaart/1e/eerste-editie/21-Zwolle-1.jpg	https://dlc.services/iiif-img/7/32/0005e319-384f-4cf4-bcd2-e57cf71aa483	1	21	1	-1	Zwolle	-1	21-Zwolle-1	21	1
0bfa6feb-ad2b-4dee-92df-87b8b5c655e0	https://dlc.services/iiif-img/7/32/0bfa6feb-ad2b-4dee-92df-87b8b5c655e0/full/512,/0/default.jpg	https://webdata.tudelft.nl/staff-umbrella/digitalcollections/library/kaartenkamer/waterstaatskaart/1e/eerste-editie/21-Zwolle-2.jpg	https://dlc.services/iiif-img/7/32/0bfa6feb-ad2b-4dee-92df-87b8b5c655e0	1	21	2	-1	Zwolle	-1	21-Zwolle-2	21	2
77a68e88-b2fd-4399-ac83-de76c69d1fd3	https://dlc.services/iiif-img/7/32/77a68e88-b2fd-4399-ac83-de76c69d1fd3/full/512,/0/default.jpg	https://webdata.tudelft.nl/staff-umbrella/digitalcollections/library/kaartenkamer/waterstaatskaart/1e/eerste-editie/21-Zwolle-3.jpg	https://dlc.services/iiif-img/7/32/77a68e88-b2fd-4399-ac83-de76c69d1fd3	1	21	3	-1	Zwolle	-1	21-Zwolle-3	21	3
cd57be08-54b8-4fd2-b0f3-8c465fe4313d	https://dlc.services/iiif-img/7/32/cd57be08-54b8-4fd2-b0f3-8c465fe4313d/full/512,/0/default.jpg	https://webdata.tudelft.nl/staff-umbrella/digitalcollections/library/kaartenkamer/waterstaatskaart/1e/eerste-editie/21-Zwolle-4.jpg	https://dlc.services/iiif-img/7/32/cd57be08-54b8-4fd2-b0f3-8c465fe4313d	1	21	4	-1	Zwolle	-1	21-Zwolle-4	21	4
52940e49-f70b-4000-8f62-92985a21fb8f	https://dlc.services/iiif-img/7/32/52940e49-f70b-4000-8f62-92985a21fb8f/full/512,/0/default.jpg	https://webdata.tudelft.nl/staff-umbrella/digitalcollections/library/kaartenkamer/waterstaatskaart/1e/eerste-editie/22-Coevorden-1.jpg	https://dlc.services/iiif-img/7/32/52940e49-f70b-4000-8f62-92985a21fb8f	1	22	1	-1	Coevorden	-1	22-Coevorden-1	22	1
81049f48-745b-40d4-9923-9e9fa6b7ac0f	https://dlc.services/iiif-img/7/32/81049f48-745b-40d4-9923-9e9fa6b7ac0f/full/512,/0/default.jpg	https://webdata.tudelft.nl/staff-umbrella/digitalcollections/library/kaartenkamer/waterstaatskaart/1e/eerste-editie/22-Coevorden-2.jpg	https://dlc.services/iiif-img/7/32/81049f48-745b-40d4-9923-9e9fa6b7ac0f	1	22	2	-1	Coevorden	-1	22-Coevorden-2	22	2
1a9b30b1-e85c-4813-9306-b1f2c720a46b	https://dlc.services/iiif-img/7/32/1a9b30b1-e85c-4813-9306-b1f2c720a46b/full/512,/0/default.jpg	https://webdata.tudelft.nl/staff-umbrella/digitalcollections/library/kaartenkamer/waterstaatskaart/1e/eerste-editie/22-Coevorden-3.jpg	https://dlc.services/iiif-img/7/32/1a9b30b1-e85c-4813-9306-b1f2c720a46b	1	22	3	-1	Coevorden	-1	22-Coevorden-3	22	3
1e75b91f-26c2-488c-91c0-af6cff3e1a7c	https://dlc.services/iiif-img/7/32/1e75b91f-26c2-488c-91c0-af6cff3e1a7c/full/512,/0/default.jpg	https://webdata.tudelft.nl/staff-umbrella/digitalcollections/library/kaartenkamer/waterstaatskaart/1e/eerste-editie/22-Coevorden-4.jpg	https://dlc.services/iiif-img/7/32/1e75b91f-26c2-488c-91c0-af6cff3e1a7c	1	22	4	-1	Coevorden	-1	22-Coevorden-4	22	4
8d37b87a-1d47-4b35-bbe9-aa08c5634561	https://dlc.services/iiif-img/7/32/8d37b87a-1d47-4b35-bbe9-aa08c5634561/full/512,/0/default.jpg	https://webdata.tudelft.nl/staff-umbrella/digitalcollections/library/kaartenkamer/waterstaatskaart/1e/eerste-editie/23-Nieuw-Schoonebeek.jpg	https://dlc.services/iiif-img/7/32/8d37b87a-1d47-4b35-bbe9-aa08c5634561	1	23	-1	-1	Nieuw Schoonebeek	-1	23-Nieuw-Schoonebeek	23	1
6426f194-6613-4699-93c4-09897b46769e	https://dlc.services/iiif-img/7/32/6426f194-6613-4699-93c4-09897b46769e/full/512,/0/default.jpg	https://webdata.tudelft.nl/staff-umbrella/digitalcollections/library/kaartenkamer/waterstaatskaart/1e/eerste-editie/24-Hillegom-1.jpg	https://dlc.services/iiif-img/7/32/6426f194-6613-4699-93c4-09897b46769e	1	24	1	-1	Hillegom	-1	24-Hillegom-1	24	2
cf301f26-ad8d-474f-8573-ca3d4bdc1b00	https://dlc.services/iiif-img/7/32/cf301f26-ad8d-474f-8573-ca3d4bdc1b00/full/512,/0/default.jpg	https://webdata.tudelft.nl/staff-umbrella/digitalcollections/library/kaartenkamer/waterstaatskaart/1e/eerste-editie/24-Hillegom-2.jpg	https://dlc.services/iiif-img/7/32/cf301f26-ad8d-474f-8573-ca3d4bdc1b00	1	24	2	-1	Hillegom	-1	24-Hillegom-2	24	4
38c42150-50e6-4381-8c21-c909e6d73b4d	https://dlc.services/iiif-img/7/32/38c42150-50e6-4381-8c21-c909e6d73b4d/full/512,/0/default.jpg	https://webdata.tudelft.nl/staff-umbrella/digitalcollections/library/kaartenkamer/waterstaatskaart/1e/eerste-editie/25-Amsterdam-1.jpg	https://dlc.services/iiif-img/7/32/38c42150-50e6-4381-8c21-c909e6d73b4d	1	25	1	-1	Amsterdam	-1	25-Amsterdam-1	25	1
f2533887-e1d3-4a0f-a229-36e2a12c1d37	https://dlc.services/iiif-img/7/32/f2533887-e1d3-4a0f-a229-36e2a12c1d37/full/512,/0/default.jpg	https://webdata.tudelft.nl/staff-umbrella/digitalcollections/library/kaartenkamer/waterstaatskaart/1e/eerste-editie/25-Amsterdam-2.jpg	https://dlc.services/iiif-img/7/32/f2533887-e1d3-4a0f-a229-36e2a12c1d37	1	25	2	-1	Amsterdam	-1	25-Amsterdam-2	25	2
cd3dff12-9cf2-4a28-ac66-fc1bf5b52793	https://dlc.services/iiif-img/7/32/cd3dff12-9cf2-4a28-ac66-fc1bf5b52793/full/512,/0/default.jpg	https://webdata.tudelft.nl/staff-umbrella/digitalcollections/library/kaartenkamer/waterstaatskaart/1e/eerste-editie/25-Amsterdam-3.jpg	https://dlc.services/iiif-img/7/32/cd3dff12-9cf2-4a28-ac66-fc1bf5b52793	1	25	3	-1	Amsterdam	-1	25-Amsterdam-3	25	3
39e4b40b-4b33-465c-8e4c-9e9898143bb8	https://dlc.services/iiif-img/7/32/39e4b40b-4b33-465c-8e4c-9e9898143bb8/full/512,/0/default.jpg	https://webdata.tudelft.nl/staff-umbrella/digitalcollections/library/kaartenkamer/waterstaatskaart/1e/eerste-editie/25-Amsterdam-4.jpg	https://dlc.services/iiif-img/7/32/39e4b40b-4b33-465c-8e4c-9e9898143bb8	1	25	4	-1	Amsterdam	-1	25-Amsterdam-4	25	4
e99c692c-c4a8-42da-9bf2-1c5c4544493e	https://dlc.services/iiif-img/7/32/e99c692c-c4a8-42da-9bf2-1c5c4544493e/full/512,/0/default.jpg	https://webdata.tudelft.nl/staff-umbrella/digitalcollections/library/kaartenkamer/waterstaatskaart/1e/eerste-editie/26-Harderwijk-1.jpg	https://dlc.services/iiif-img/7/32/e99c692c-c4a8-42da-9bf2-1c5c4544493e	1	26	1	-1	Harderwijk	-1	26-Harderwijk-1	26	3
0298ef86-582f-47e6-a19f-21da52d6408b	https://dlc.services/iiif-img/7/32/0298ef86-582f-47e6-a19f-21da52d6408b/full/512,/0/default.jpg	https://webdata.tudelft.nl/staff-umbrella/digitalcollections/library/kaartenkamer/waterstaatskaart/1e/eerste-editie/26-Harderwijk-2.jpg	https://dlc.services/iiif-img/7/32/0298ef86-582f-47e6-a19f-21da52d6408b	1	26	2	-1	Harderwijk	-1	26-Harderwijk-2	26	4
b3f80f31-e91c-42c9-8c1d-56e797d95024	https://dlc.services/iiif-img/7/32/b3f80f31-e91c-42c9-8c1d-56e797d95024/full/512,/0/default.jpg	https://webdata.tudelft.nl/staff-umbrella/digitalcollections/library/kaartenkamer/waterstaatskaart/1e/eerste-editie/27-Hattem-1.jpg	https://dlc.services/iiif-img/7/32/b3f80f31-e91c-42c9-8c1d-56e797d95024	1	27	1	-1	Hattem	-1	27-Hattem-1	27	1
e9279173-9ac7-4d71-819e-8b1d2b4ec105	https://dlc.services/iiif-img/7/32/e9279173-9ac7-4d71-819e-8b1d2b4ec105/full/512,/0/default.jpg	https://webdata.tudelft.nl/staff-umbrella/digitalcollections/library/kaartenkamer/waterstaatskaart/1e/eerste-editie/27-Hattem-2.jpg	https://dlc.services/iiif-img/7/32/e9279173-9ac7-4d71-819e-8b1d2b4ec105	1	27	2	-1	Hattem	-1	27-Hattem-2	27	2
8b4fa931-4616-45df-a826-833e99e97b31	https://dlc.services/iiif-img/7/32/8b4fa931-4616-45df-a826-833e99e97b31/full/512,/0/default.jpg	https://webdata.tudelft.nl/staff-umbrella/digitalcollections/library/kaartenkamer/waterstaatskaart/1e/eerste-editie/27-Hattem-3.jpg	https://dlc.services/iiif-img/7/32/8b4fa931-4616-45df-a826-833e99e97b31	1	27	3	-1	Hattem	-1	27-Hattem-3	27	3
c9e71770-2990-4067-86c8-07efd5ca5a4c	https://dlc.services/iiif-img/7/32/c9e71770-2990-4067-86c8-07efd5ca5a4c/full/512,/0/default.jpg	https://webdata.tudelft.nl/staff-umbrella/digitalcollections/library/kaartenkamer/waterstaatskaart/1e/eerste-editie/27-Hattem-4.jpg	https://dlc.services/iiif-img/7/32/c9e71770-2990-4067-86c8-07efd5ca5a4c	1	27	4	-1	Hattem	-1	27-Hattem-4	27	4
aba8d4fb-7bb4-472e-b915-7670660b1078	https://dlc.services/iiif-img/7/32/aba8d4fb-7bb4-472e-b915-7670660b1078/full/512,/0/default.jpg	https://webdata.tudelft.nl/staff-umbrella/digitalcollections/library/kaartenkamer/waterstaatskaart/1e/eerste-editie/28-Almelo-1.jpg	https://dlc.services/iiif-img/7/32/aba8d4fb-7bb4-472e-b915-7670660b1078	1	28	1	-1	Almelo	-1	28-Almelo-1	28	1
ed555c54-a875-422c-8dc1-88897043f9d8	https://dlc.services/iiif-img/7/32/ed555c54-a875-422c-8dc1-88897043f9d8/full/512,/0/default.jpg	https://webdata.tudelft.nl/staff-umbrella/digitalcollections/library/kaartenkamer/waterstaatskaart/1e/eerste-editie/28-Almelo-2.jpg	https://dlc.services/iiif-img/7/32/ed555c54-a875-422c-8dc1-88897043f9d8	1	28	2	-1	Almelo	-1	28-Almelo-2	28	2
5bbd723a-9140-486c-8566-0ef71aceddd1	https://dlc.services/iiif-img/7/32/5bbd723a-9140-486c-8566-0ef71aceddd1/full/512,/0/default.jpg	https://webdata.tudelft.nl/staff-umbrella/digitalcollections/library/kaartenkamer/waterstaatskaart/1e/eerste-editie/28-Almelo-3.jpg	https://dlc.services/iiif-img/7/32/5bbd723a-9140-486c-8566-0ef71aceddd1	1	28	3	-1	Almelo	-1	28-Almelo-3	28	3
9763db67-8c4f-4809-b804-6c3c619e1442	https://dlc.services/iiif-img/7/32/9763db67-8c4f-4809-b804-6c3c619e1442/full/512,/0/default.jpg	https://webdata.tudelft.nl/staff-umbrella/digitalcollections/library/kaartenkamer/waterstaatskaart/1e/eerste-editie/28-Almelo-4.jpg	https://dlc.services/iiif-img/7/32/9763db67-8c4f-4809-b804-6c3c619e1442	1	28	4	-1	Almelo	-1	28-Almelo-4	28	4
c0514e7f-c272-46f9-bc14-ac84b5181edc	https://dlc.services/iiif-img/7/32/c0514e7f-c272-46f9-bc14-ac84b5181edc/full/512,/0/default.jpg	https://webdata.tudelft.nl/staff-umbrella/digitalcollections/library/kaartenkamer/waterstaatskaart/1e/eerste-editie/29-Denekamp-1.jpg	https://dlc.services/iiif-img/7/32/c0514e7f-c272-46f9-bc14-ac84b5181edc	1	29	1	-1	Denekamp	-1	29-Denekamp-1	29	1
fbd1b372-43ff-4357-b8b7-00169b86b047	https://dlc.services/iiif-img/7/32/fbd1b372-43ff-4357-b8b7-00169b86b047/full/512,/0/default.jpg	https://webdata.tudelft.nl/staff-umbrella/digitalcollections/library/kaartenkamer/waterstaatskaart/1e/eerste-editie/29-Denekamp-2.jpg	https://dlc.services/iiif-img/7/32/fbd1b372-43ff-4357-b8b7-00169b86b047	1	29	2	-1	Denekamp	-1	29-Denekamp-2	29	3
b4970451-a70c-4182-9377-8ac2bc2fe4a5	https://dlc.services/iiif-img/7/32/b4970451-a70c-4182-9377-8ac2bc2fe4a5/full/512,/0/default.jpg	https://webdata.tudelft.nl/staff-umbrella/digitalcollections/library/kaartenkamer/waterstaatskaart/1e/eerste-editie/30-s-Gravenhage-1.jpg	https://dlc.services/iiif-img/7/32/b4970451-a70c-4182-9377-8ac2bc2fe4a5	1	30	1	-1	s Gravenhage	-1	30-s-Gravenhage-1	30	2
cb37fbd1-694c-48d4-abea-87943a3f2f9f	https://dlc.services/iiif-img/7/32/cb37fbd1-694c-48d4-abea-87943a3f2f9f/full/512,/0/default.jpg	https://webdata.tudelft.nl/staff-umbrella/digitalcollections/library/kaartenkamer/waterstaatskaart/1e/eerste-editie/30-s-Gravenhage-2.jpg	https://dlc.services/iiif-img/7/32/cb37fbd1-694c-48d4-abea-87943a3f2f9f	1	30	2	-1	s Gravenhage	-1	30-s-Gravenhage-2	30	3
ea7c2502-9c6a-48ae-a33d-7f332727325f	https://dlc.services/iiif-img/7/32/ea7c2502-9c6a-48ae-a33d-7f332727325f/full/512,/0/default.jpg	https://webdata.tudelft.nl/staff-umbrella/digitalcollections/library/kaartenkamer/waterstaatskaart/1e/eerste-editie/30-s-Gravenhage-3.jpg	https://dlc.services/iiif-img/7/32/ea7c2502-9c6a-48ae-a33d-7f332727325f	1	30	3	-1	s Gravenhage	-1	30-s-Gravenhage-3	30	4
12bacde9-6f18-42d7-b3f1-c6b44cd1149c	https://dlc.services/iiif-img/7/32/12bacde9-6f18-42d7-b3f1-c6b44cd1149c/full/512,/0/default.jpg	https://webdata.tudelft.nl/staff-umbrella/digitalcollections/library/kaartenkamer/waterstaatskaart/1e/eerste-editie/31-Utrecht-1.jpg	https://dlc.services/iiif-img/7/32/12bacde9-6f18-42d7-b3f1-c6b44cd1149c	1	31	1	-1	Utrecht	-1	31-Utrecht-1	31	1
cea8b5d7-dbe2-482d-88fc-bef755db648b	https://dlc.services/iiif-img/7/32/cea8b5d7-dbe2-482d-88fc-bef755db648b/full/512,/0/default.jpg	https://webdata.tudelft.nl/staff-umbrella/digitalcollections/library/kaartenkamer/waterstaatskaart/1e/eerste-editie/31-Utrecht-2.jpg	https://dlc.services/iiif-img/7/32/cea8b5d7-dbe2-482d-88fc-bef755db648b	1	31	2	-1	Utrecht	-1	31-Utrecht-2	31	2
64995aab-1d29-4e43-af43-c86d80f38223	https://dlc.services/iiif-img/7/32/64995aab-1d29-4e43-af43-c86d80f38223/full/512,/0/default.jpg	https://webdata.tudelft.nl/staff-umbrella/digitalcollections/library/kaartenkamer/waterstaatskaart/1e/eerste-editie/31-Utrecht-3.jpg	https://dlc.services/iiif-img/7/32/64995aab-1d29-4e43-af43-c86d80f38223	1	31	3	-1	Utrecht	-1	31-Utrecht-3	31	3
3ccae506-0a3e-4f02-889d-35a1f6669e34	https://dlc.services/iiif-img/7/32/3ccae506-0a3e-4f02-889d-35a1f6669e34/full/512,/0/default.jpg	https://webdata.tudelft.nl/staff-umbrella/digitalcollections/library/kaartenkamer/waterstaatskaart/1e/eerste-editie/31-Utrecht-4.jpg	https://dlc.services/iiif-img/7/32/3ccae506-0a3e-4f02-889d-35a1f6669e34	1	31	4	-1	Utrecht	-1	31-Utrecht-4	31	4
9a346806-a89b-4fa7-967a-80c15e4588c4	https://dlc.services/iiif-img/7/32/9a346806-a89b-4fa7-967a-80c15e4588c4/full/512,/0/default.jpg	https://webdata.tudelft.nl/staff-umbrella/digitalcollections/library/kaartenkamer/waterstaatskaart/1e/eerste-editie/32-Amersfoort-1.jpg	https://dlc.services/iiif-img/7/32/9a346806-a89b-4fa7-967a-80c15e4588c4	1	32	1	-1	Amersfoort	-1	32-Amersfoort-1	32	1
90e79adb-76c1-4cbb-bc99-00a85e7523e4	https://dlc.services/iiif-img/7/32/90e79adb-76c1-4cbb-bc99-00a85e7523e4/full/512,/0/default.jpg	https://webdata.tudelft.nl/staff-umbrella/digitalcollections/library/kaartenkamer/waterstaatskaart/1e/eerste-editie/32-Amersfoort-2.jpg	https://dlc.services/iiif-img/7/32/90e79adb-76c1-4cbb-bc99-00a85e7523e4	1	32	2	-1	Amersfoort	-1	32-Amersfoort-2	32	2
5a33c7da-8791-4266-b5e8-54f9b7c71d9d	https://dlc.services/iiif-img/7/32/5a33c7da-8791-4266-b5e8-54f9b7c71d9d/full/512,/0/default.jpg	https://webdata.tudelft.nl/staff-umbrella/digitalcollections/library/kaartenkamer/waterstaatskaart/1e/eerste-editie/32-Amersfoort-3.jpg	https://dlc.services/iiif-img/7/32/5a33c7da-8791-4266-b5e8-54f9b7c71d9d	1	32	3	-1	Amersfoort	-1	32-Amersfoort-3	32	3
37c28218-06ff-4366-843e-9570d32ddfa1	https://dlc.services/iiif-img/7/32/37c28218-06ff-4366-843e-9570d32ddfa1/full/512,/0/default.jpg	https://webdata.tudelft.nl/staff-umbrella/digitalcollections/library/kaartenkamer/waterstaatskaart/1e/eerste-editie/32-Amersfoort-4.jpg	https://dlc.services/iiif-img/7/32/37c28218-06ff-4366-843e-9570d32ddfa1	1	32	4	-1	Amersfoort	-1	32-Amersfoort-4	32	4
addd88cc-dcbb-4c3b-9629-070fbd272f0b	https://dlc.services/iiif-img/7/32/addd88cc-dcbb-4c3b-9629-070fbd272f0b/full/512,/0/default.jpg	https://webdata.tudelft.nl/staff-umbrella/digitalcollections/library/kaartenkamer/waterstaatskaart/1e/eerste-editie/33-Zutphen-1.jpg	https://dlc.services/iiif-img/7/32/addd88cc-dcbb-4c3b-9629-070fbd272f0b	1	33	1	-1	Zutphen	-1	33-Zutphen-1	33	1
1b291d23-89ca-4c56-8d3d-3bc2b2a35bec	https://dlc.services/iiif-img/7/32/1b291d23-89ca-4c56-8d3d-3bc2b2a35bec/full/512,/0/default.jpg	https://webdata.tudelft.nl/staff-umbrella/digitalcollections/library/kaartenkamer/waterstaatskaart/1e/eerste-editie/33-Zutphen-2.jpg	https://dlc.services/iiif-img/7/32/1b291d23-89ca-4c56-8d3d-3bc2b2a35bec	1	33	2	-1	Zutphen	-1	33-Zutphen-2	33	2
a374308b-8eb9-445d-b87c-334538d6f37c	https://dlc.services/iiif-img/7/32/a374308b-8eb9-445d-b87c-334538d6f37c/full/512,/0/default.jpg	https://webdata.tudelft.nl/staff-umbrella/digitalcollections/library/kaartenkamer/waterstaatskaart/1e/eerste-editie/33-Zutphen-3.jpg	https://dlc.services/iiif-img/7/32/a374308b-8eb9-445d-b87c-334538d6f37c	1	33	3	-1	Zutphen	-1	33-Zutphen-3	33	3
8edd43c4-07e3-44ec-a5b7-83d9443429b2	https://dlc.services/iiif-img/7/32/8edd43c4-07e3-44ec-a5b7-83d9443429b2/full/512,/0/default.jpg	https://webdata.tudelft.nl/staff-umbrella/digitalcollections/library/kaartenkamer/waterstaatskaart/1e/eerste-editie/33-Zutphen-4.jpg	https://dlc.services/iiif-img/7/32/8edd43c4-07e3-44ec-a5b7-83d9443429b2	1	33	4	-1	Zutphen	-1	33-Zutphen-4	33	4
ffda8966-c341-435a-98b0-09d2f24e805a	https://dlc.services/iiif-img/7/32/ffda8966-c341-435a-98b0-09d2f24e805a/full/512,/0/default.jpg	https://webdata.tudelft.nl/staff-umbrella/digitalcollections/library/kaartenkamer/waterstaatskaart/1e/eerste-editie/34-Groenlo-1.jpg	https://dlc.services/iiif-img/7/32/ffda8966-c341-435a-98b0-09d2f24e805a	1	34	1	-1	Groenlo	-1	34-Groenlo-1	34	1
2e19156b-9f7a-4025-82b7-127f056ea805	https://dlc.services/iiif-img/7/32/2e19156b-9f7a-4025-82b7-127f056ea805/full/512,/0/default.jpg	https://webdata.tudelft.nl/staff-umbrella/digitalcollections/library/kaartenkamer/waterstaatskaart/1e/eerste-editie/34-Groenlo-2.jpg	https://dlc.services/iiif-img/7/32/2e19156b-9f7a-4025-82b7-127f056ea805	1	34	2	-1	Groenlo	-1	34-Groenlo-2	34	2
d1dca859-f21f-45e4-a7b5-293d4dd9ef5c	https://dlc.services/iiif-img/7/32/d1dca859-f21f-45e4-a7b5-293d4dd9ef5c/full/512,/0/default.jpg	https://webdata.tudelft.nl/staff-umbrella/digitalcollections/library/kaartenkamer/waterstaatskaart/1e/eerste-editie/34-Groenlo-3.jpg	https://dlc.services/iiif-img/7/32/d1dca859-f21f-45e4-a7b5-293d4dd9ef5c	1	34	3	-1	Groenlo	-1	34-Groenlo-3	34	3
9cd1ecc2-3485-4ec7-b6a1-15d1b8bbc870	https://dlc.services/iiif-img/7/32/9cd1ecc2-3485-4ec7-b6a1-15d1b8bbc870/full/512,/0/default.jpg	https://webdata.tudelft.nl/staff-umbrella/digitalcollections/library/kaartenkamer/waterstaatskaart/1e/eerste-editie/34-Groenlo-4.jpg	https://dlc.services/iiif-img/7/32/9cd1ecc2-3485-4ec7-b6a1-15d1b8bbc870	1	34	4	-1	Groenlo	-1	34-Groenlo-4	34	4
f6e31743-3e27-41d7-8f33-353956102b35	https://dlc.services/iiif-img/7/32/f6e31743-3e27-41d7-8f33-353956102b35/full/512,/0/default.jpg	https://webdata.tudelft.nl/staff-umbrella/digitalcollections/library/kaartenkamer/waterstaatskaart/1e/eerste-editie/36-Goedereede.jpg	https://dlc.services/iiif-img/7/32/f6e31743-3e27-41d7-8f33-353956102b35	1	36	-1	-1	Goedereede	-1	36-Goedereede	36	4
fed92434-de7e-4b91-8ba9-baf66e345fca	https://dlc.services/iiif-img/7/32/fed92434-de7e-4b91-8ba9-baf66e345fca/full/512,/0/default.jpg	https://webdata.tudelft.nl/staff-umbrella/digitalcollections/library/kaartenkamer/waterstaatskaart/1e/eerste-editie/37-Rotterdam-1.jpg	https://dlc.services/iiif-img/7/32/fed92434-de7e-4b91-8ba9-baf66e345fca	1	37	1	-1	Rotterdam	-1	37-Rotterdam-1	37	1
ec1ae619-b7e1-4503-9c68-8d0c63560907	https://dlc.services/iiif-img/7/32/ec1ae619-b7e1-4503-9c68-8d0c63560907/full/512,/0/default.jpg	https://webdata.tudelft.nl/staff-umbrella/digitalcollections/library/kaartenkamer/waterstaatskaart/1e/eerste-editie/37-Rotterdam-2-1884.jpg	https://dlc.services/iiif-img/7/32/ec1ae619-b7e1-4503-9c68-8d0c63560907	1	37	2	-1	Rotterdam	1884	37-Rotterdam-2-1884	37	2
71c8a055-63fc-417a-a03b-03d07ba7d7e5	https://dlc.services/iiif-img/7/32/71c8a055-63fc-417a-a03b-03d07ba7d7e5/full/512,/0/default.jpg	https://webdata.tudelft.nl/staff-umbrella/digitalcollections/library/kaartenkamer/waterstaatskaart/1e/eerste-editie/37-Rotterdam-3.jpg	https://dlc.services/iiif-img/7/32/71c8a055-63fc-417a-a03b-03d07ba7d7e5	1	37	3	-1	Rotterdam	-1	37-Rotterdam-3	37	3
a560ddb5-84bb-4eec-8178-f0ed454e6be7	https://dlc.services/iiif-img/7/32/a560ddb5-84bb-4eec-8178-f0ed454e6be7/full/512,/0/default.jpg	https://webdata.tudelft.nl/staff-umbrella/digitalcollections/library/kaartenkamer/waterstaatskaart/1e/eerste-editie/37-Rotterdam-4.jpg	https://dlc.services/iiif-img/7/32/a560ddb5-84bb-4eec-8178-f0ed454e6be7	1	37	4	-1	Rotterdam	-1	37-Rotterdam-4	37	4
87b24927-3076-4a8e-ab18-2eb9aeded286	https://dlc.services/iiif-img/7/32/87b24927-3076-4a8e-ab18-2eb9aeded286/full/512,/0/default.jpg	https://webdata.tudelft.nl/staff-umbrella/digitalcollections/library/kaartenkamer/waterstaatskaart/1e/eerste-editie/38-Gorinchem-1.jpg	https://dlc.services/iiif-img/7/32/87b24927-3076-4a8e-ab18-2eb9aeded286	1	38	1	-1	Gorinchem	-1	38-Gorinchem-1	38	1
128b1791-b6c2-4fd1-85a8-cfd446fd5c78	https://dlc.services/iiif-img/7/32/128b1791-b6c2-4fd1-85a8-cfd446fd5c78/full/512,/0/default.jpg	https://webdata.tudelft.nl/staff-umbrella/digitalcollections/library/kaartenkamer/waterstaatskaart/1e/eerste-editie/38-Gorinchem-2.jpg	https://dlc.services/iiif-img/7/32/128b1791-b6c2-4fd1-85a8-cfd446fd5c78	1	38	2	-1	Gorinchem	-1	38-Gorinchem-2	38	2
156ed4c5-5293-4b24-870f-92a72b0bf6c1	https://dlc.services/iiif-img/7/32/156ed4c5-5293-4b24-870f-92a72b0bf6c1/full/512,/0/default.jpg	https://webdata.tudelft.nl/staff-umbrella/digitalcollections/library/kaartenkamer/waterstaatskaart/1e/eerste-editie/38-Gorinchem-3.jpg	https://dlc.services/iiif-img/7/32/156ed4c5-5293-4b24-870f-92a72b0bf6c1	1	38	3	-1	Gorinchem	-1	38-Gorinchem-3	38	3
db3efc69-8dec-4fc0-832a-99aae6e9a97d	https://dlc.services/iiif-img/7/32/db3efc69-8dec-4fc0-832a-99aae6e9a97d/full/512,/0/default.jpg	https://webdata.tudelft.nl/staff-umbrella/digitalcollections/library/kaartenkamer/waterstaatskaart/1e/eerste-editie/38-Gorinchem-4.jpg	https://dlc.services/iiif-img/7/32/db3efc69-8dec-4fc0-832a-99aae6e9a97d	1	38	4	-1	Gorinchem	-1	38-Gorinchem-4	38	4
ce50568d-2f85-40b8-84c1-40bc2164166d	https://dlc.services/iiif-img/7/32/ce50568d-2f85-40b8-84c1-40bc2164166d/full/512,/0/default.jpg	https://webdata.tudelft.nl/staff-umbrella/digitalcollections/library/kaartenkamer/waterstaatskaart/1e/eerste-editie/39-Rhenen-1.jpg	https://dlc.services/iiif-img/7/32/ce50568d-2f85-40b8-84c1-40bc2164166d	1	39	1	-1	Rhenen	-1	39-Rhenen-1	39	1
bd1f57f2-bb29-43c2-b11a-529e63e5e4f7	https://dlc.services/iiif-img/7/32/bd1f57f2-bb29-43c2-b11a-529e63e5e4f7/full/512,/0/default.jpg	https://webdata.tudelft.nl/staff-umbrella/digitalcollections/library/kaartenkamer/waterstaatskaart/1e/eerste-editie/39-Rhenen-2.jpg	https://dlc.services/iiif-img/7/32/bd1f57f2-bb29-43c2-b11a-529e63e5e4f7	1	39	2	-1	Rhenen	-1	39-Rhenen-2	39	2
c87d290b-7594-472b-a367-cf20b370a6cb	https://dlc.services/iiif-img/7/32/c87d290b-7594-472b-a367-cf20b370a6cb/full/512,/0/default.jpg	https://webdata.tudelft.nl/staff-umbrella/digitalcollections/library/kaartenkamer/waterstaatskaart/1e/eerste-editie/39-Rhenen-3.jpg	https://dlc.services/iiif-img/7/32/c87d290b-7594-472b-a367-cf20b370a6cb	1	39	3	-1	Rhenen	-1	39-Rhenen-3	39	3
6baf404c-c9d7-4784-8c1f-7ac34302c5fb	https://dlc.services/iiif-img/7/32/6baf404c-c9d7-4784-8c1f-7ac34302c5fb/full/512,/0/default.jpg	https://webdata.tudelft.nl/staff-umbrella/digitalcollections/library/kaartenkamer/waterstaatskaart/1e/eerste-editie/39-Rhenen-4.jpg	https://dlc.services/iiif-img/7/32/6baf404c-c9d7-4784-8c1f-7ac34302c5fb	1	39	4	-1	Rhenen	-1	39-Rhenen-4	39	4
5abb866b-58d7-4555-955c-911cb84991e1	https://dlc.services/iiif-img/7/32/5abb866b-58d7-4555-955c-911cb84991e1/full/512,/0/default.jpg	https://webdata.tudelft.nl/staff-umbrella/digitalcollections/library/kaartenkamer/waterstaatskaart/1e/eerste-editie/40-Arnhem-1.jpg	https://dlc.services/iiif-img/7/32/5abb866b-58d7-4555-955c-911cb84991e1	1	40	1	-1	Arnhem	-1	40-Arnhem-1	40	1
5c477fdd-0c54-4b9c-ad59-a08dd3378ceb	https://dlc.services/iiif-img/7/32/5c477fdd-0c54-4b9c-ad59-a08dd3378ceb/full/512,/0/default.jpg	https://webdata.tudelft.nl/staff-umbrella/digitalcollections/library/kaartenkamer/waterstaatskaart/1e/eerste-editie/40-Arnhem-2.jpg	https://dlc.services/iiif-img/7/32/5c477fdd-0c54-4b9c-ad59-a08dd3378ceb	1	40	2	-1	Arnhem	-1	40-Arnhem-2	40	2
1646a39c-f60f-401b-8260-1b21a5d1045f	https://dlc.services/iiif-img/7/32/1646a39c-f60f-401b-8260-1b21a5d1045f/full/512,/0/default.jpg	https://webdata.tudelft.nl/staff-umbrella/digitalcollections/library/kaartenkamer/waterstaatskaart/1e/eerste-editie/40-Arnhem-3.jpg	https://dlc.services/iiif-img/7/32/1646a39c-f60f-401b-8260-1b21a5d1045f	1	40	3	-1	Arnhem	-1	40-Arnhem-3	40	3
d1ed492b-7674-403d-a612-d6dc5ffd7b28	https://dlc.services/iiif-img/7/32/d1ed492b-7674-403d-a612-d6dc5ffd7b28/full/512,/0/default.jpg	https://webdata.tudelft.nl/staff-umbrella/digitalcollections/library/kaartenkamer/waterstaatskaart/1e/eerste-editie/40-Arnhem-4.jpg	https://dlc.services/iiif-img/7/32/d1ed492b-7674-403d-a612-d6dc5ffd7b28	1	40	4	-1	Arnhem	-1	40-Arnhem-4	40	4
fa50df76-7e75-46db-baaa-b8ebf4b048cb	https://dlc.services/iiif-img/7/32/fa50df76-7e75-46db-baaa-b8ebf4b048cb/full/512,/0/default.jpg	https://webdata.tudelft.nl/staff-umbrella/digitalcollections/library/kaartenkamer/waterstaatskaart/1e/eerste-editie/41-Aalten-1.jpg	https://dlc.services/iiif-img/7/32/fa50df76-7e75-46db-baaa-b8ebf4b048cb	1	41	1	-1	Aalten	-1	41-Aalten-1	41	1
b5c34ef8-1470-41ac-8110-6ea7c537009c	https://dlc.services/iiif-img/7/32/b5c34ef8-1470-41ac-8110-6ea7c537009c/full/512,/0/default.jpg	https://webdata.tudelft.nl/staff-umbrella/digitalcollections/library/kaartenkamer/waterstaatskaart/1e/eerste-editie/41-Aalten-2.jpg	https://dlc.services/iiif-img/7/32/b5c34ef8-1470-41ac-8110-6ea7c537009c	1	41	2	-1	Aalten	-1	41-Aalten-2	41	2
f4a7edfc-83f3-4222-8834-c62dcb115d92	https://dlc.services/iiif-img/7/32/f4a7edfc-83f3-4222-8834-c62dcb115d92/full/512,/0/default.jpg	https://webdata.tudelft.nl/staff-umbrella/digitalcollections/library/kaartenkamer/waterstaatskaart/1e/eerste-editie/41-Aalten-3.jpg	https://dlc.services/iiif-img/7/32/f4a7edfc-83f3-4222-8834-c62dcb115d92	1	41	3	-1	Aalten	-1	41-Aalten-3	41	3
3b7bb9e4-0a14-4022-83e7-7bad768a108b	https://dlc.services/iiif-img/7/32/3b7bb9e4-0a14-4022-83e7-7bad768a108b/full/512,/0/default.jpg	https://webdata.tudelft.nl/staff-umbrella/digitalcollections/library/kaartenkamer/waterstaatskaart/1e/eerste-editie/42-Zierikzee-1.jpg	https://dlc.services/iiif-img/7/32/3b7bb9e4-0a14-4022-83e7-7bad768a108b	1	42	1	-1	Zierikzee	-1	42-Zierikzee-1	42	2
ccc115f4-3697-448d-97ce-8c2df824bdc9	https://dlc.services/iiif-img/7/32/ccc115f4-3697-448d-97ce-8c2df824bdc9/full/512,/0/default.jpg	https://webdata.tudelft.nl/staff-umbrella/digitalcollections/library/kaartenkamer/waterstaatskaart/1e/eerste-editie/42-Zierikzee-2.jpg	https://dlc.services/iiif-img/7/32/ccc115f4-3697-448d-97ce-8c2df824bdc9	1	42	2	-1	Zierikzee	-1	42-Zierikzee-2	42	4
05b67ed9-dd00-451d-9310-739d82112685	https://dlc.services/iiif-img/7/32/05b67ed9-dd00-451d-9310-739d82112685/full/512,/0/default.jpg	https://webdata.tudelft.nl/staff-umbrella/digitalcollections/library/kaartenkamer/waterstaatskaart/1e/eerste-editie/43-Willemstad-1.jpg	https://dlc.services/iiif-img/7/32/05b67ed9-dd00-451d-9310-739d82112685	1	43	1	-1	Willemstad	-1	43-Willemstad-1	43	1
9244a7dd-2712-48e5-b721-0a62ed5a26c1	https://dlc.services/iiif-img/7/32/9244a7dd-2712-48e5-b721-0a62ed5a26c1/full/512,/0/default.jpg	https://webdata.tudelft.nl/staff-umbrella/digitalcollections/library/kaartenkamer/waterstaatskaart/1e/eerste-editie/43-Willemstad-3.jpg	https://dlc.services/iiif-img/7/32/9244a7dd-2712-48e5-b721-0a62ed5a26c1	1	43	3	-1	Willemstad	-1	43-Willemstad-3	43	3
6c5753d3-8366-43a2-b284-558ace42ecf5	https://dlc.services/iiif-img/7/32/6c5753d3-8366-43a2-b284-558ace42ecf5/full/512,/0/default.jpg	https://webdata.tudelft.nl/staff-umbrella/digitalcollections/library/kaartenkamer/waterstaatskaart/1e/eerste-editie/43-Willemstad-4.jpg	https://dlc.services/iiif-img/7/32/6c5753d3-8366-43a2-b284-558ace42ecf5	1	43	4	-1	Willemstad	-1	43-Willemstad-4	43	4
ea0396fe-65ae-4d66-bda8-af06ee77dc0e	https://dlc.services/iiif-img/7/32/ea0396fe-65ae-4d66-bda8-af06ee77dc0e/full/512,/0/default.jpg	https://webdata.tudelft.nl/staff-umbrella/digitalcollections/library/kaartenkamer/waterstaatskaart/1e/eerste-editie/44-Geertruidenberg-1.jpg	https://dlc.services/iiif-img/7/32/ea0396fe-65ae-4d66-bda8-af06ee77dc0e	1	44	1	-1	Geertruidenberg	-1	44-Geertruidenberg-1	44	1
35cf6c64-4b92-47ae-b5ee-7e63532bf393	https://dlc.services/iiif-img/7/32/35cf6c64-4b92-47ae-b5ee-7e63532bf393/full/512,/0/default.jpg	https://webdata.tudelft.nl/staff-umbrella/digitalcollections/library/kaartenkamer/waterstaatskaart/1e/eerste-editie/44-Geertruidenberg-2.jpg	https://dlc.services/iiif-img/7/32/35cf6c64-4b92-47ae-b5ee-7e63532bf393	1	44	2	-1	Geertruidenberg	-1	44-Geertruidenberg-2	44	2
be6acc38-d5d7-4a3b-a9a1-ff1ae099126d	https://dlc.services/iiif-img/7/32/be6acc38-d5d7-4a3b-a9a1-ff1ae099126d/full/512,/0/default.jpg	https://webdata.tudelft.nl/staff-umbrella/digitalcollections/library/kaartenkamer/waterstaatskaart/1e/eerste-editie/44-Geertruidenberg-3.jpg	https://dlc.services/iiif-img/7/32/be6acc38-d5d7-4a3b-a9a1-ff1ae099126d	1	44	3	-1	Geertruidenberg	-1	44-Geertruidenberg-3	44	3
c3eb89c1-18ba-4d50-9d06-b3ab3a34b2d3	https://dlc.services/iiif-img/7/32/c3eb89c1-18ba-4d50-9d06-b3ab3a34b2d3/full/512,/0/default.jpg	https://webdata.tudelft.nl/staff-umbrella/digitalcollections/library/kaartenkamer/waterstaatskaart/1e/eerste-editie/44-Geertruidenberg-4.jpg	https://dlc.services/iiif-img/7/32/c3eb89c1-18ba-4d50-9d06-b3ab3a34b2d3	1	44	4	-1	Geertruidenberg	-1	44-Geertruidenberg-4	44	4
3128925c-9c8c-4020-8c12-6e6fb7925765	https://dlc.services/iiif-img/7/32/3128925c-9c8c-4020-8c12-6e6fb7925765/full/512,/0/default.jpg	https://webdata.tudelft.nl/staff-umbrella/digitalcollections/library/kaartenkamer/waterstaatskaart/1e/eerste-editie/45-s-Hertogenbosch-1.jpg	https://dlc.services/iiif-img/7/32/3128925c-9c8c-4020-8c12-6e6fb7925765	1	45	1	-1	s Hertogenbosch	-1	45-s-Hertogenbosch-1	45	1
f355c734-a3b7-4abd-850c-02c8802778d4	https://dlc.services/iiif-img/7/32/f355c734-a3b7-4abd-850c-02c8802778d4/full/512,/0/default.jpg	https://webdata.tudelft.nl/staff-umbrella/digitalcollections/library/kaartenkamer/waterstaatskaart/1e/eerste-editie/45-s-Hertogenbosch-2.jpg	https://dlc.services/iiif-img/7/32/f355c734-a3b7-4abd-850c-02c8802778d4	1	45	2	-1	s Hertogenbosch	-1	45-s-Hertogenbosch-2	45	2
0a771036-5899-4c69-bbe1-cf7dd1dc6fe9	https://dlc.services/iiif-img/7/32/0a771036-5899-4c69-bbe1-cf7dd1dc6fe9/full/512,/0/default.jpg	https://webdata.tudelft.nl/staff-umbrella/digitalcollections/library/kaartenkamer/waterstaatskaart/1e/eerste-editie/45-s-Hertogenbosch-3.jpg	https://dlc.services/iiif-img/7/32/0a771036-5899-4c69-bbe1-cf7dd1dc6fe9	1	45	3	-1	s Hertogenbosch	-1	45-s-Hertogenbosch-3	45	3
2cf1d9d1-42bb-4705-8066-89e359b990cc	https://dlc.services/iiif-img/7/32/2cf1d9d1-42bb-4705-8066-89e359b990cc/full/512,/0/default.jpg	https://webdata.tudelft.nl/staff-umbrella/digitalcollections/library/kaartenkamer/waterstaatskaart/1e/eerste-editie/45-s-Hertogenbosch-4.jpg	https://dlc.services/iiif-img/7/32/2cf1d9d1-42bb-4705-8066-89e359b990cc	1	45	4	-1	s Hertogenbosch	-1	45-s-Hertogenbosch-4	45	4
3e26524e-8d05-4954-9118-e5dc7e18e144	https://dlc.services/iiif-img/7/32/3e26524e-8d05-4954-9118-e5dc7e18e144/full/512,/0/default.jpg	https://webdata.tudelft.nl/staff-umbrella/digitalcollections/library/kaartenkamer/waterstaatskaart/1e/eerste-editie/46-Vierlingsbeek-1.jpg	https://dlc.services/iiif-img/7/32/3e26524e-8d05-4954-9118-e5dc7e18e144	1	46	1	-1	Vierlingsbeek	-1	46-Vierlingsbeek-1	46	1
67bb6598-b7e9-4eb3-8cd5-2587fb085d30	https://dlc.services/iiif-img/7/32/67bb6598-b7e9-4eb3-8cd5-2587fb085d30/full/512,/0/default.jpg	https://webdata.tudelft.nl/staff-umbrella/digitalcollections/library/kaartenkamer/waterstaatskaart/1e/eerste-editie/46-Vierlingsbeek-2.jpg	https://dlc.services/iiif-img/7/32/67bb6598-b7e9-4eb3-8cd5-2587fb085d30	1	46	2	-1	Vierlingsbeek	-1	46-Vierlingsbeek-2	46	2
62b27fe1-a5e2-4508-be12-2208683d3c0b	https://dlc.services/iiif-img/7/32/62b27fe1-a5e2-4508-be12-2208683d3c0b/full/512,/0/default.jpg	https://webdata.tudelft.nl/staff-umbrella/digitalcollections/library/kaartenkamer/waterstaatskaart/1e/eerste-editie/46-Vierlingsbeek-3.jpg	https://dlc.services/iiif-img/7/32/62b27fe1-a5e2-4508-be12-2208683d3c0b	1	46	3	-1	Vierlingsbeek	-1	46-Vierlingsbeek-3	46	3
ba1f1d83-e01c-4726-9bdc-3fcdd7ca6e4b	https://dlc.services/iiif-img/7/32/ba1f1d83-e01c-4726-9bdc-3fcdd7ca6e4b/full/512,/0/default.jpg	https://webdata.tudelft.nl/staff-umbrella/digitalcollections/library/kaartenkamer/waterstaatskaart/1e/eerste-editie/47-53-Sluis.jpg	https://dlc.services/iiif-img/7/32/ba1f1d83-e01c-4726-9bdc-3fcdd7ca6e4b	1	47	-1	-1	Sluis	-1	47-53-Sluis	53	2
9976e341-14b7-492c-957e-b72251c441e3	https://dlc.services/iiif-img/7/32/9976e341-14b7-492c-957e-b72251c441e3/full/512,/0/default.jpg	https://webdata.tudelft.nl/staff-umbrella/digitalcollections/library/kaartenkamer/waterstaatskaart/1e/eerste-editie/48-Middelburg-1.jpg	https://dlc.services/iiif-img/7/32/9976e341-14b7-492c-957e-b72251c441e3	1	48	1	-1	Middelburg	-1	48-Middelburg-1	48	1
f735e5b4-c3c1-41db-b38c-9020b2b7c6d7	https://dlc.services/iiif-img/7/32/f735e5b4-c3c1-41db-b38c-9020b2b7c6d7/full/512,/0/default.jpg	https://webdata.tudelft.nl/staff-umbrella/digitalcollections/library/kaartenkamer/waterstaatskaart/1e/eerste-editie/48-Middelburg-2.jpg	https://dlc.services/iiif-img/7/32/f735e5b4-c3c1-41db-b38c-9020b2b7c6d7	1	48	2	-1	Middelburg	-1	48-Middelburg-2	48	2
4c9a50c0-80dc-4341-b4cd-4bbd14ff6e4f	https://dlc.services/iiif-img/7/32/4c9a50c0-80dc-4341-b4cd-4bbd14ff6e4f/full/512,/0/default.jpg	https://webdata.tudelft.nl/staff-umbrella/digitalcollections/library/kaartenkamer/waterstaatskaart/1e/eerste-editie/48-Middelburg-3.jpg	https://dlc.services/iiif-img/7/32/4c9a50c0-80dc-4341-b4cd-4bbd14ff6e4f	1	48	3	-1	Middelburg	-1	48-Middelburg-3	48	3
105b009a-e750-42e7-9fbd-7d68b2391a6a	https://dlc.services/iiif-img/7/32/105b009a-e750-42e7-9fbd-7d68b2391a6a/full/512,/0/default.jpg	https://webdata.tudelft.nl/staff-umbrella/digitalcollections/library/kaartenkamer/waterstaatskaart/1e/eerste-editie/48-Middelburg-4.jpg	https://dlc.services/iiif-img/7/32/105b009a-e750-42e7-9fbd-7d68b2391a6a	1	48	4	-1	Middelburg	-1	48-Middelburg-4	48	4
3d8ff560-f142-4ede-8517-a00b6b4a2e75	https://dlc.services/iiif-img/7/32/3d8ff560-f142-4ede-8517-a00b6b4a2e75/full/512,/0/default.jpg	https://webdata.tudelft.nl/staff-umbrella/digitalcollections/library/kaartenkamer/waterstaatskaart/1e/eerste-editie/49-Bergen-op-Zoom-1.jpg	https://dlc.services/iiif-img/7/32/3d8ff560-f142-4ede-8517-a00b6b4a2e75	1	49	1	-1	Bergen op Zoom	-1	49-Bergen-op-Zoom-1	49	1
43f78887-b757-4fd7-a603-03f32b32a0a5	https://dlc.services/iiif-img/7/32/43f78887-b757-4fd7-a603-03f32b32a0a5/full/512,/0/default.jpg	https://webdata.tudelft.nl/staff-umbrella/digitalcollections/library/kaartenkamer/waterstaatskaart/1e/eerste-editie/49-Bergen-op-Zoom-2.jpg	https://dlc.services/iiif-img/7/32/43f78887-b757-4fd7-a603-03f32b32a0a5	1	49	2	-1	Bergen op Zoom	-1	49-Bergen-op-Zoom-2	49	2
ea6e6340-80c6-4ae1-b8b9-c45492fcc25e	https://dlc.services/iiif-img/7/32/ea6e6340-80c6-4ae1-b8b9-c45492fcc25e/full/512,/0/default.jpg	https://webdata.tudelft.nl/staff-umbrella/digitalcollections/library/kaartenkamer/waterstaatskaart/1e/eerste-editie/49-Bergen-op-Zoom-3.jpg	https://dlc.services/iiif-img/7/32/ea6e6340-80c6-4ae1-b8b9-c45492fcc25e	1	49	3	-1	Bergen op Zoom	-1	49-Bergen-op-Zoom-3	49	3
35274bfc-780a-432b-8119-e0655f91e1e3	https://dlc.services/iiif-img/7/32/35274bfc-780a-432b-8119-e0655f91e1e3/full/512,/0/default.jpg	https://webdata.tudelft.nl/staff-umbrella/digitalcollections/library/kaartenkamer/waterstaatskaart/1e/eerste-editie/49-Bergen-op-Zoom-4.jpg	https://dlc.services/iiif-img/7/32/35274bfc-780a-432b-8119-e0655f91e1e3	1	49	4	-1	Bergen op Zoom	-1	49-Bergen-op-Zoom-4	49	4
9488197b-43e8-425c-b30d-2985c1b109e5	https://dlc.services/iiif-img/7/32/9488197b-43e8-425c-b30d-2985c1b109e5/full/512,/0/default.jpg	https://webdata.tudelft.nl/staff-umbrella/digitalcollections/library/kaartenkamer/waterstaatskaart/1e/eerste-editie/50-Breda-1.jpg	https://dlc.services/iiif-img/7/32/9488197b-43e8-425c-b30d-2985c1b109e5	1	50	1	-1	Breda	-1	50-Breda-1	50	1
503b4830-5b3a-4737-b7a6-cc50aed28661	https://dlc.services/iiif-img/7/32/503b4830-5b3a-4737-b7a6-cc50aed28661/full/512,/0/default.jpg	https://webdata.tudelft.nl/staff-umbrella/digitalcollections/library/kaartenkamer/waterstaatskaart/1e/eerste-editie/50-Breda-2.jpg	https://dlc.services/iiif-img/7/32/503b4830-5b3a-4737-b7a6-cc50aed28661	1	50	2	-1	Breda	-1	50-Breda-2	50	2
75bb7c6a-eecb-4db5-accd-40e7403de21d	https://dlc.services/iiif-img/7/32/75bb7c6a-eecb-4db5-accd-40e7403de21d/full/512,/0/default.jpg	https://webdata.tudelft.nl/staff-umbrella/digitalcollections/library/kaartenkamer/waterstaatskaart/1e/eerste-editie/50-Breda-3.jpg	https://dlc.services/iiif-img/7/32/75bb7c6a-eecb-4db5-accd-40e7403de21d	1	50	3	-1	Breda	-1	50-Breda-3	50	3
8ef423b6-1a41-49b8-9e42-f3b11180ed55	https://dlc.services/iiif-img/7/32/8ef423b6-1a41-49b8-9e42-f3b11180ed55/full/512,/0/default.jpg	https://webdata.tudelft.nl/staff-umbrella/digitalcollections/library/kaartenkamer/waterstaatskaart/1e/eerste-editie/50-Breda-4.jpg	https://dlc.services/iiif-img/7/32/8ef423b6-1a41-49b8-9e42-f3b11180ed55	1	50	4	-1	Breda	-1	50-Breda-4	50	4
8af2e8e0-2858-4468-b029-7809c41001ad	https://dlc.services/iiif-img/7/32/8af2e8e0-2858-4468-b029-7809c41001ad/full/512,/0/default.jpg	https://webdata.tudelft.nl/staff-umbrella/digitalcollections/library/kaartenkamer/waterstaatskaart/1e/eerste-editie/51-Eindhoven-1.jpg	https://dlc.services/iiif-img/7/32/8af2e8e0-2858-4468-b029-7809c41001ad	1	51	1	-1	Eindhoven	-1	51-Eindhoven-1	51	1
93212db0-92eb-4817-98eb-fd0d2c827663	https://dlc.services/iiif-img/7/32/93212db0-92eb-4817-98eb-fd0d2c827663/full/512,/0/default.jpg	https://webdata.tudelft.nl/staff-umbrella/digitalcollections/library/kaartenkamer/waterstaatskaart/1e/eerste-editie/51-Eindhoven-2.jpg	https://dlc.services/iiif-img/7/32/93212db0-92eb-4817-98eb-fd0d2c827663	1	51	2	-1	Eindhoven	-1	51-Eindhoven-2	51	2
a8d6e896-219f-4ab5-8277-85af96d1104f	https://dlc.services/iiif-img/7/32/a8d6e896-219f-4ab5-8277-85af96d1104f/full/512,/0/default.jpg	https://webdata.tudelft.nl/staff-umbrella/digitalcollections/library/kaartenkamer/waterstaatskaart/1e/eerste-editie/51-Eindhoven-3.jpg	https://dlc.services/iiif-img/7/32/a8d6e896-219f-4ab5-8277-85af96d1104f	1	51	3	-1	Eindhoven	-1	51-Eindhoven-3	51	3
37c9afae-d877-4956-a89c-466cfbcdee4f	https://dlc.services/iiif-img/7/32/37c9afae-d877-4956-a89c-466cfbcdee4f/full/512,/0/default.jpg	https://webdata.tudelft.nl/staff-umbrella/digitalcollections/library/kaartenkamer/waterstaatskaart/1e/eerste-editie/51-Eindhoven-4.jpg	https://dlc.services/iiif-img/7/32/37c9afae-d877-4956-a89c-466cfbcdee4f	1	51	4	-1	Eindhoven	-1	51-Eindhoven-4	51	4
875e9718-2ce0-4b09-80f0-84cb33f0bf83	https://dlc.services/iiif-img/7/32/875e9718-2ce0-4b09-80f0-84cb33f0bf83/full/512,/0/default.jpg	https://webdata.tudelft.nl/staff-umbrella/digitalcollections/library/kaartenkamer/waterstaatskaart/1e/eerste-editie/52-Venlo-1.jpg	https://dlc.services/iiif-img/7/32/875e9718-2ce0-4b09-80f0-84cb33f0bf83	1	52	1	-1	Venlo	-1	52-Venlo-1	52	1
acd7b910-85da-4da2-898f-211e624b691a	https://dlc.services/iiif-img/7/32/acd7b910-85da-4da2-898f-211e624b691a/full/512,/0/default.jpg	https://webdata.tudelft.nl/staff-umbrella/digitalcollections/library/kaartenkamer/waterstaatskaart/1e/eerste-editie/52-Venlo-2.jpg	https://dlc.services/iiif-img/7/32/acd7b910-85da-4da2-898f-211e624b691a	1	52	2	-1	Venlo	-1	52-Venlo-2	52	2
45675bcc-f572-4f6e-823f-22e2b37d064f	https://dlc.services/iiif-img/7/32/45675bcc-f572-4f6e-823f-22e2b37d064f/full/512,/0/default.jpg	https://webdata.tudelft.nl/staff-umbrella/digitalcollections/library/kaartenkamer/waterstaatskaart/1e/eerste-editie/52-Venlo-3.jpg	https://dlc.services/iiif-img/7/32/45675bcc-f572-4f6e-823f-22e2b37d064f	1	52	3	-1	Venlo	-1	52-Venlo-3	52	3
508a07fd-99d1-49f1-bbba-155905b3d6d4	https://dlc.services/iiif-img/7/32/508a07fd-99d1-49f1-bbba-155905b3d6d4/full/512,/0/default.jpg	https://webdata.tudelft.nl/staff-umbrella/digitalcollections/library/kaartenkamer/waterstaatskaart/1e/eerste-editie/52-Venlo-4.jpg	https://dlc.services/iiif-img/7/32/508a07fd-99d1-49f1-bbba-155905b3d6d4	1	52	4	-1	Venlo	-1	52-Venlo-4	52	4
037cc9e9-f2aa-4806-9b15-62a4462ae7e5	https://dlc.services/iiif-img/7/32/037cc9e9-f2aa-4806-9b15-62a4462ae7e5/full/512,/0/default.jpg	https://webdata.tudelft.nl/staff-umbrella/digitalcollections/library/kaartenkamer/waterstaatskaart/1e/eerste-editie/54-Neuzen-1.jpg	https://dlc.services/iiif-img/7/32/037cc9e9-f2aa-4806-9b15-62a4462ae7e5	1	54	1	-1	Neuzen	-1	54-Neuzen-1	54	1
d378b439-e05f-4264-9044-1011126ae9ef	https://dlc.services/iiif-img/7/32/d378b439-e05f-4264-9044-1011126ae9ef/full/512,/0/default.jpg	https://webdata.tudelft.nl/staff-umbrella/digitalcollections/library/kaartenkamer/waterstaatskaart/1e/eerste-editie/54-Neuzen-2.jpg	https://dlc.services/iiif-img/7/32/d378b439-e05f-4264-9044-1011126ae9ef	1	54	2	-1	Neuzen	-1	54-Neuzen-2	54	2
2c44872c-28e2-4506-a3da-eaf62c7926ab	https://dlc.services/iiif-img/7/32/2c44872c-28e2-4506-a3da-eaf62c7926ab/full/512,/0/default.jpg	https://webdata.tudelft.nl/staff-umbrella/digitalcollections/library/kaartenkamer/waterstaatskaart/1e/eerste-editie/54-Neuzen-3.jpg	https://dlc.services/iiif-img/7/32/2c44872c-28e2-4506-a3da-eaf62c7926ab	1	54	3	-1	Neuzen	-1	54-Neuzen-3	54	4
8e13fcff-a5d2-44c8-8b1e-124531273338	https://dlc.services/iiif-img/7/32/8e13fcff-a5d2-44c8-8b1e-124531273338/full/512,/0/default.jpg	https://webdata.tudelft.nl/staff-umbrella/digitalcollections/library/kaartenkamer/waterstaatskaart/1e/eerste-editie/55-Hulst.jpg	https://dlc.services/iiif-img/7/32/8e13fcff-a5d2-44c8-8b1e-124531273338	1	55	-1	-1	Hulst	-1	55-Hulst	55	1
cefd7c34-fe4a-4003-b745-4c8616481dfd	https://dlc.services/iiif-img/7/32/cefd7c34-fe4a-4003-b745-4c8616481dfd/full/512,/0/default.jpg	https://webdata.tudelft.nl/staff-umbrella/digitalcollections/library/kaartenkamer/waterstaatskaart/1e/eerste-editie/57-Valkenswaard-1.jpg	https://dlc.services/iiif-img/7/32/cefd7c34-fe4a-4003-b745-4c8616481dfd	1	57	1	-1	Valkenswaard	-1	57-Valkenswaard-1	57	1
f6885291-6a76-4af2-ac01-c70bcbd834e9	https://dlc.services/iiif-img/7/32/f6885291-6a76-4af2-ac01-c70bcbd834e9/full/512,/0/default.jpg	https://webdata.tudelft.nl/staff-umbrella/digitalcollections/library/kaartenkamer/waterstaatskaart/1e/eerste-editie/57-Valkenswaard-2.jpg	https://dlc.services/iiif-img/7/32/f6885291-6a76-4af2-ac01-c70bcbd834e9	1	57	2	-1	Valkenswaard	-1	57-Valkenswaard-2	57	2
bb8310d8-3b1b-462f-b143-ca0bc7e3c23a	https://dlc.services/iiif-img/7/32/bb8310d8-3b1b-462f-b143-ca0bc7e3c23a/full/512,/0/default.jpg	https://webdata.tudelft.nl/staff-umbrella/digitalcollections/library/kaartenkamer/waterstaatskaart/1e/eerste-editie/57-Valkenswaard-3.jpg	https://dlc.services/iiif-img/7/32/bb8310d8-3b1b-462f-b143-ca0bc7e3c23a	1	57	3	-1	Valkenswaard	-1	57-Valkenswaard-3	57	4
cbf9bf3d-8870-4f12-9a8d-1ab8120ae196	https://dlc.services/iiif-img/7/32/cbf9bf3d-8870-4f12-9a8d-1ab8120ae196/full/512,/0/default.jpg	https://webdata.tudelft.nl/staff-umbrella/digitalcollections/library/kaartenkamer/waterstaatskaart/1e/eerste-editie/58-Roermond-1.jpg	https://dlc.services/iiif-img/7/32/cbf9bf3d-8870-4f12-9a8d-1ab8120ae196	1	58	1	-1	Roermond	-1	58-Roermond-1	58	1
f296388b-5ac0-4180-84b4-6ac789bae34a	https://dlc.services/iiif-img/7/32/f296388b-5ac0-4180-84b4-6ac789bae34a/full/512,/0/default.jpg	https://webdata.tudelft.nl/staff-umbrella/digitalcollections/library/kaartenkamer/waterstaatskaart/1e/eerste-editie/58-Roermond-2.jpg	https://dlc.services/iiif-img/7/32/f296388b-5ac0-4180-84b4-6ac789bae34a	1	58	2	-1	Roermond	-1	58-Roermond-2	58	2
74fc7c04-f878-4e5c-aca0-31f7566d53dd	https://dlc.services/iiif-img/7/32/74fc7c04-f878-4e5c-aca0-31f7566d53dd/full/512,/0/default.jpg	https://webdata.tudelft.nl/staff-umbrella/digitalcollections/library/kaartenkamer/waterstaatskaart/1e/eerste-editie/58-Roermond-3.jpg	https://dlc.services/iiif-img/7/32/74fc7c04-f878-4e5c-aca0-31f7566d53dd	1	58	3	-1	Roermond	-1	58-Roermond-3	58	3
da371a9b-eb70-4b5f-b993-06dbad55c2bc	https://dlc.services/iiif-img/7/32/da371a9b-eb70-4b5f-b993-06dbad55c2bc/full/512,/0/default.jpg	https://webdata.tudelft.nl/staff-umbrella/digitalcollections/library/kaartenkamer/waterstaatskaart/1e/eerste-editie/58-Roermond-4.jpg	https://dlc.services/iiif-img/7/32/da371a9b-eb70-4b5f-b993-06dbad55c2bc	1	58	4	-1	Roermond	-1	58-Roermond-4	58	4
250cb1b3-b752-48cc-a183-addb1f880643	https://dlc.services/iiif-img/7/32/250cb1b3-b752-48cc-a183-addb1f880643/full/512,/0/default.jpg	https://webdata.tudelft.nl/staff-umbrella/digitalcollections/library/kaartenkamer/waterstaatskaart/1e/eerste-editie/60-Sittard-1.jpg	https://dlc.services/iiif-img/7/32/250cb1b3-b752-48cc-a183-addb1f880643	1	60	1	-1	Sittard	-1	60-Sittard-1	60	1
27241c3e-acf0-41f1-960d-71cd5f394496	https://dlc.services/iiif-img/7/32/27241c3e-acf0-41f1-960d-71cd5f394496/full/512,/0/default.jpg	https://webdata.tudelft.nl/staff-umbrella/digitalcollections/library/kaartenkamer/waterstaatskaart/1e/eerste-editie/60-Sittard-2.jpg	https://dlc.services/iiif-img/7/32/27241c3e-acf0-41f1-960d-71cd5f394496	1	60	2	-1	Sittard	-1	60-Sittard-2	60	2
9279c0d4-976b-45b3-b097-40015900118e	https://dlc.services/iiif-img/7/32/9279c0d4-976b-45b3-b097-40015900118e/full/512,/0/default.jpg	https://webdata.tudelft.nl/staff-umbrella/digitalcollections/library/kaartenkamer/waterstaatskaart/1e/eerste-editie/60-Sittard-3.jpg	https://dlc.services/iiif-img/7/32/9279c0d4-976b-45b3-b097-40015900118e	1	60	3	-1	Sittard	-1	60-Sittard-3	60	3
33558528-e5fc-42a4-85a3-60ed6891a93d	https://dlc.services/iiif-img/7/32/33558528-e5fc-42a4-85a3-60ed6891a93d/full/512,/0/default.jpg	https://webdata.tudelft.nl/staff-umbrella/digitalcollections/library/kaartenkamer/waterstaatskaart/1e/eerste-editie/61-Maastricht.jpg	https://dlc.services/iiif-img/7/32/33558528-e5fc-42a4-85a3-60ed6891a93d	1	61	-1	-1	Maastricht	-1	61-Maastricht	61	2
dba2015b-01a6-42a8-af9c-9b7cb1f61020	https://dlc.services/iiif-img/7/32/dba2015b-01a6-42a8-af9c-9b7cb1f61020/full/512,/0/default.jpg	https://webdata.tudelft.nl/staff-umbrella/digitalcollections/library/kaartenkamer/waterstaatskaart/1e/eerste-editie/62-Heerlen-1.jpg	https://dlc.services/iiif-img/7/32/dba2015b-01a6-42a8-af9c-9b7cb1f61020	1	62	1	-1	Heerlen	-1	62-Heerlen-1	62	1
5fe1abe0-10b2-4b04-b4fd-4aa8fb3f3c1a	https://dlc.services/iiif-img/7/32/5fe1abe0-10b2-4b04-b4fd-4aa8fb3f3c1a/full/512,/0/default.jpg	https://webdata.tudelft.nl/staff-umbrella/digitalcollections/library/kaartenkamer/waterstaatskaart/1e/eerste-editie/62-Heerlen-2.jpg	https://dlc.services/iiif-img/7/32/5fe1abe0-10b2-4b04-b4fd-4aa8fb3f3c1a	1	62	2	-1	Heerlen	-1	62-Heerlen-2	62	2
7d0e6784-d4a7-425c-91bc-a45558c6994c	https://dlc.services/iiif-img/7/32/7d0e6784-d4a7-425c-91bc-a45558c6994c/full/512,/0/default.jpg	https://webdata.tudelft.nl/staff-umbrella/digitalcollections/library/kaartenkamer/waterstaatskaart/1e/eerste-editie/62-Heerlen-3.jpg	https://dlc.services/iiif-img/7/32/7d0e6784-d4a7-425c-91bc-a45558c6994c	1	62	3	-1	Heerlen	-1	62-Heerlen-3	62	3
1d4b4c01-6938-49e6-bc3b-aa9cd5a28cf1	https://dlc.services/iiif-img/7/32/1d4b4c01-6938-49e6-bc3b-aa9cd5a28cf1/full/512,/0/default.jpg	https://webdata.tudelft.nl/staff-umbrella/digitalcollections/library/kaartenkamer/waterstaatskaart/1e/eerste-editie/Bladwijzer.jpg	https://dlc.services/iiif-img/7/32/1d4b4c01-6938-49e6-bc3b-aa9cd5a28cf1	1	-1	-1	-1	Bladwijzer	-1	Bladwijzer	65	1
