sheet_id,sub_sheet_id,sheet_title
1,1,Terschelling
1,2,Ameland
2,1,Schiermonnikoog
2,2,Schiermonnikoog
3,1,Uithuizen
3,2,Uithuizen
3,3,Uithuizen
4,1,Vlieland
4,2,Vlieland
5,1,Harlingen
5,2,Harlingen
5,3,Harlingen
6,1,Leeuwarden
6,2,Leeuwarden
6,3,Leeuwarden
6,4,Leeuwarden
7,1,Groningen
7,2,Groningen
7,3,Groningen
7,4,Groningen
8,1,Nieuweschans
8,2,Nieuweschans
9,1,Helder
9,2,Helder
10,1,Sneek
10,2,Sneek
10,3,Sneek
10,4,Sneek
11,1,Heerenveen
11,2,Heerenveen
11,3,Heerenveen
11,4,Heerenveen
12,1,Assen
12,2,Assen
12,3,Assen
12,4,Assen
13,1,Bourtange
13,2,Bourtange
14,1,Medemblik
14,2,Medemblik
14,3,Medemblik
14,4,Medemblik
15,1,Stavoren
15,2,Stavoren
15,3,Stavoren
16,1,Steenwijk
16,2,Steenwijk
16,3,Steenwijk
16,4,Steenwijk
16,4,Steenwijk
17,1,Beilen
17,2,Beilen
17,3,Beilen
17,4,Beilen
18,1,Roswinkel
18,2,Roswinkel
19,1,Alkmaar
19,2,Alkmaar
19,3,Alkmaar
19,4,Alkmaar
20,1,Enkhuizen
20,2,Enkhuizen
21,1,Zwolle
21,2,Zwolle
21,3,Zwolle
21,4,Zwolle
22,1,Coevorden
22,2,Coevorden
22,3,Coevorden
22,4,Coevorden
23,1,Nieuw Schoonebeek
24,1,Hillegom
24,2,Hillegom
25,1,Amsterdam
25,2,Amsterdam
25,3,Amsterdam
25,4,Amsterdam
26,1,Harderwijk
26,2,Harderwijk
27,1,Hattem
27,2,Hattem
27,3,Hattem
27,4,Hattem
28,1,Almelo
28,2,Almelo
28,3,Almelo
28,4,Almelo
29,1,Denekamp
29,2,Denekamp
30,1,s Gravenhage
30,2,s Gravenhage
30,3,s Gravenhage
31,1,Utrecht
31,2,Utrecht
31,3,Utrecht
31,4,Utrecht
32,1,Amersfoort
32,2,Amersfoort
32,3,Amersfoort
32,4,Amersfoort
33,1,Zutphen
33,2,Zutphen
33,3,Zutphen
33,4,Zutphen
34,1,Groenlo
34,2,Groenlo
34,3,Groenlo
34,4,Groenlo
36,1,Goedereede
37,1,Rotterdam
37,2,Rotterdam
37,3,Rotterdam
37,4,Rotterdam
38,1,Gorinchem
38,2,Gorinchem
38,3,Gorinchem
38,4,Gorinchem
39,1,Rhenen
39,2,Rhenen
39,3,Rhenen
39,4,Rhenen
40,1,Arnhem
40,2,Arnhem
40,3,Arnhem
40,4,Arnhem
41,1,Aalten
41,2,Aalten
41,3,Aalten
42,1,Zierikzee
42,2,Zierikzee
43,1,Willemstad
43,2,Willemstad
43,3,Willemstad
43,4,Willemstad
44,1,Geertruidenberg
44,2,Geertruidenberg
44,3,Geertruidenberg
44,4,Geertruidenberg
45,1,s Hertogenbosch
45,2,s Hertogenbosch
45,3,s Hertogenbosch
45,4,s Hertogenbosch
46,1,Vierlingsbeek
46,2,Vierlingsbeek
46,3,Vierlingsbeek
48,1,Middelburg
48,2,Middelburg
48,3,Middelburg
48,4,Middelburg
49,1,Bergen op Zoom
49,2,Bergen op Zoom
49,3,Bergen op Zoom
49,4,Bergen op Zoom
50,1,Breda
50,2,Breda
50,3,Breda
50,4,Breda
51,1,Eindhoven
51,2,Eindhoven
51,3,Eindhoven
51,4,Eindhoven
52,1,Venlo
52,2,Venlo
52,3,Venlo
52,4,Venlo
53,1,53 Sluis
54,1,Neuzen
54,2,Neuzen
54,3,Neuzen
55,1,Hulst
57,1,Valkenswaard
57,2,Valkenswaard
57,3,Valkenswaard
58,1,Roermond
58,2,Roermond
58,3,Roermond
58,4,Roermond
60,1,Sittard
60,2,Sittard
60,3,Sittard
61,1,Maastricht
62,1,Heerlen
62,2,Heerlen
62,3,Heerlen
